time,lasttime,lat,lng,speed,course,altitude,Clb,comment
2020-05-09 05:22:30,2020-05-09 05:22:30,48.78072,2.02404,4,350,2246.68,3.0," t=4.8C 400.998 MHz Type=M10 Radiosonde auto_rx v1.3.0"
2020-05-09 05:23:00,2020-05-09 05:23:00,48.78208,2.02410,22,38,2371.95,3.8," t=4.2C 401.000 MHz Type=M10 Radiosonde auto_rx v1.3.0"
2020-05-09 05:23:30,2020-05-09 05:23:30,48.78273,2.02461,20,20,2474.98,3.3," t=3.6C 401.000 MHz Type=M10 Radiosonde auto_rx v1.3.0"
2020-05-09 05:24:00,2020-05-09 05:24:00,48.78348,2.02490,20,355,2578.00,3.0," t=2.9C 401.000 MHz Type=M10 Radiosonde auto_rx v1.3.0"
2020-05-09 05:24:30,2020-05-09 05:24:30,48.78377,2.02501,22,33,2596.59,3.7," t=2.9C 401.000 MHz Type=M10 Radiosonde auto_rx v1.3.0"
2020-05-09 05:25:00,2020-05-09 05:25:00,48.78527,2.02480,20,1,2800.50,4.1," t=1.6C 401.000 MHz Type=M10 Radiosonde auto_rx v1.3.0"
2020-05-09 05:25:30,2020-05-09 05:25:30,48.78629,2.02502,20,29,2911.75,4.5," t=1.1C 400.999 MHz Type=M10 Radiosonde auto_rx v1.3.0"
2020-05-09 05:26:00,2020-05-09 05:26:00,48.78644,2.02490,22,324,2964.48,4.1," t=0.8C 400.998 MHz Type=M10 Radiosonde auto_rx v1.3.0"
2020-05-09 05:27:30,2020-05-09 05:27:30,48.78880,2.02306,13,35,3449.42,4.5," t=-2.4C 401.000 MHz Type=M10 Radiosonde auto_rx v1.3.0"
2020-05-09 05:28:00,2020-05-09 05:28:00,48.78952,2.02289,26,329,3594.51,5.9," t=-3.2C 401.000 MHz Type=M10 Radiosonde auto_rx v1.3.0"
2020-05-09 05:28:30,2020-05-09 05:28:30,48.79036,2.02320,11,145,3742.33,4.7," t=-3.9C 401.000 MHz Type=M10 Radiosonde auto_rx v1.3.0"
2020-05-09 05:29:00,2020-05-09 05:29:00,48.79104,2.02366,22,78,3883.46,4.0," t=-4.9C 401.000 MHz Type=M10 Radiosonde auto_rx v1.3.0"
2020-05-09 05:29:30,2020-05-09 05:29:30,48.79169,2.02381,20,43,4019.40,6.4," t=-5.9C 400.999 MHz Type=M10 Radiosonde auto_rx v1.3.0"
2020-05-09 05:30:00,2020-05-09 05:30:00,48.79251,2.02471,22,320,4169.05,2.6," t=-6.7C 401.000 MHz Type=M10 Radiosonde auto_rx v1.3.0"
2020-05-09 05:30:30,2020-05-09 05:30:30,48.79348,2.02513,35,48,4309.57,6.4," t=-7.4C 401.000 MHz Type=M10 Radiosonde auto_rx v1.3.0"
2020-05-09 05:31:00,2020-05-09 05:31:00,48.79490,2.02680,19,13,4455.57,5.4," t=-8.4C 401.000 MHz Type=M10 Radiosonde auto_rx v1.3.0"
2020-05-09 05:31:30,2020-05-09 05:31:30,48.79605,2.02781,22,27,4587.24,6.8," t=-9.4C 401.000 MHz Type=M10 Radiosonde auto_rx v1.3.0"
2020-05-09 05:32:00,2020-05-09 05:32:00,48.79771,2.02923,6,33,4751.22,5.0," t=-10.7C 401.000 MHz Type=M10 Radiosonde auto_rx v1.3.0"
2020-05-09 05:32:30,2020-05-09 05:32:30,48.79831,2.03028,39,52,4840.53,4.7," t=-11.4C 401.000 MHz Type=M10 Radiosonde auto_rx v1.3.0"
2020-05-09 05:33:00,2020-05-09 05:33:00,48.80033,2.03279,46,23,5006.95,3.8," t=-12.5C 401.000 MHz Type=M10 Radiosonde auto_rx v1.3.0"
2020-05-09 05:33:30,2020-05-09 05:33:30,48.80269,2.03524,43,46,5172.76,4.4," t=-13.6C 401.000 MHz Type=M10 Radiosonde auto_rx v1.3.0"
2020-05-09 05:34:00,2020-05-09 05:34:00,48.80428,2.03564,17,47,5302.61,4.4," t=-12.8C 401.000 MHz Type=M10 Radiosonde auto_rx v1.3.0"
2020-05-09 05:34:30,2020-05-09 05:34:30,48.80502,2.03706,7,60,5419.95,4.8," t=-14.2C 401.000 MHz Type=M10 Radiosonde auto_rx v1.3.0"
2020-05-09 05:35:00,2020-05-09 05:35:00,48.80580,2.03886,24,83,5573.88,7.0," t=-15.2C 401.000 MHz Type=M10 Radiosonde auto_rx v1.3.0"
2020-05-09 05:35:30,2020-05-09 05:35:30,48.80621,2.04015,26,46,5722.92,5.3," t=-16.2C 400.999 MHz Type=M10 Radiosonde auto_rx v1.2.2"
2020-05-09 05:36:00,2020-05-09 05:36:00,48.80654,2.04260,17,157,5837.22,4.8," t=-16.9C 400.999 MHz Type=M10 Radiosonde auto_rx v1.2.2"
2020-05-09 05:36:30,2020-05-09 05:36:30,48.80689,2.04393,30,69,5910.99,3.9," t=-17.5C 400.999 MHz Type=M10 Radiosonde auto_rx v1.3.0"
2020-05-09 05:37:00,2020-05-09 05:37:00,48.80758,2.04750,26,50,6085.64,3.2," t=-18.5C 401.000 MHz Type=M10 Radiosonde auto_rx v1.2.2"
2020-05-09 05:37:30,2020-05-09 05:37:30,48.80836,2.05076,39,59,6227.98,5.4," t=-19.6C 400.999 MHz Type=M10 Radiosonde auto_rx v1.2.2"
2020-05-09 05:38:00,2020-05-09 05:38:00,48.80893,2.05404,52,92,6365.14,4.4," t=-20.6C 400.999 MHz Type=M10 Radiosonde auto_rx v1.2.2"
2020-05-09 05:38:30,2020-05-09 05:38:30,48.80946,2.05803,37,89,6506.87,4.2," t=-21.8C 401.000 MHz Type=M10 Radiosonde auto_rx v1.2.2"
2020-05-09 05:39:00,2020-05-09 05:39:00,48.80991,2.06196,41,82,6625.44,5.6," t=-22.7C 401.000 MHz Type=M10 Radiosonde auto_rx v1.3.0"
2020-05-09 05:39:30,2020-05-09 05:39:30,48.81033,2.06555,31,69,6766.56,4.2," t=-23.6C 401.000 MHz Type=M10 Radiosonde auto_rx v1.3.0"
2020-05-09 05:40:00,2020-05-09 05:40:00,48.81092,2.06966,28,93,6895.19,4.3," t=-24.6C 400.999 MHz Type=M10 Radiosonde auto_rx v1.2.2"
2020-05-09 05:40:30,2020-05-09 05:40:30,48.81177,2.07394,57,59,7032.35,3.8," t=-25.7C 400.999 MHz Type=M10 Radiosonde auto_rx v1.2.2"
2020-05-09 05:41:00,2020-05-09 05:41:00,48.81275,2.07859,31,91,7153.35,3.5," t=-26.8C 401.000 MHz Type=M10 Radiosonde auto_rx v1.3.0"
2020-05-09 05:41:30,2020-05-09 05:41:30,48.81352,2.08345,26,83,7273.44,3.2," t=-27.8C 401.000 MHz Type=M10 Radiosonde auto_rx v1.2.2"
2020-05-09 05:42:00,2020-05-09 05:42:00,48.81415,2.08792,31,62,7388.66,3.9," t=-28.6C 401.000 MHz Type=M10 Radiosonde auto_rx v1.2.2"
2020-05-09 05:42:30,2020-05-09 05:42:30,48.81470,2.09291,37,76,7503.57,3.2," t=-29.5C 400.999 MHz Type=M10 Radiosonde auto_rx v1.2.2"
2020-05-09 05:43:00,2020-05-09 05:43:00,48.81540,2.09776,46,55,7616.34,3.6," t=-30.3C 400.999 MHz Type=M10 Radiosonde auto_rx v1.2.2"
2020-05-09 05:43:30,2020-05-09 05:43:30,48.81610,2.10285,48,75,7734.60,4.4," t=-31.3C 400.999 MHz Type=M10 Radiosonde auto_rx v1.3.0"
2020-05-09 05:44:00,2020-05-09 05:44:00,48.81693,2.10814,57,62,7855.61,3.0," t=-32.3C 401.000 MHz Type=M10 Radiosonde auto_rx v1.3.0"
2020-05-09 05:44:30,2020-05-09 05:44:30,48.81784,2.11335,46,75,7959.85,4.0," t=-33.1C 401.000 MHz Type=M10 Radiosonde auto_rx v1.2.2"
2020-05-09 05:45:00,2020-05-09 05:45:00,48.81891,2.11806,41,68,8065.92,3.2," t=-33.9C 401.000 MHz Type=M10 Radiosonde auto_rx v1.2.2"
2020-05-09 05:45:30,2020-05-09 05:45:30,48.81991,2.12198,43,73,8160.41,3.6," t=-35.0C 400.999 MHz Type=M10 Radiosonde auto_rx v1.3.0"
2020-05-09 05:46:00,2020-05-09 05:46:00,48.82119,2.12701,39,61,8288.12,3.7," t=-36.0C 401.000 MHz Type=M10 Radiosonde auto_rx v1.3.0"
2020-05-09 05:46:30,2020-05-09 05:46:30,48.82253,2.13144,43,70,8399.98,3.9," t=-37.0C 400.999 MHz Type=M10 Radiosonde auto_rx v1.2.2"
2020-05-09 05:47:00,2020-05-09 05:47:00,48.82379,2.13596,39,63,8510.02,3.7," t=-37.9C 401.000 MHz Type=M10 Radiosonde auto_rx v1.2.2"
2020-05-09 05:47:30,2020-05-09 05:47:30,48.82512,2.14045,44,65,8626.14,3.8," t=-39.1C 400.999 MHz Type=M10 Radiosonde auto_rx v1.2.2"
2020-05-09 05:48:00,2020-05-09 05:48:00,48.82650,2.14472,41,64,8737.70,3.7," t=-40.1C 401.000 MHz Type=M10 Radiosonde auto_rx v1.2.2"
2020-05-09 05:48:30,2020-05-09 05:48:30,48.82776,2.14910,39,65,8848.65,3.8," t=-41.1C 401.000 MHz Type=M10 Radiosonde auto_rx v1.2.2"
2020-05-09 05:49:00,2020-05-09 05:49:00,48.82910,2.15363,39,66,8963.86,3.5," t=-42.1C 401.000 MHz Type=M10 Radiosonde auto_rx v1.2.2"
2020-05-09 05:49:30,2020-05-09 05:49:30,48.83043,2.15818,48,68,9078.16,3.6," t=-43.2C 401.000 MHz Type=M10 Radiosonde auto_rx v1.3.0"
2020-05-09 05:50:00,2020-05-09 05:50:00,48.83153,2.16296,41,67,9193.68,3.4," t=-44.1C 401.000 MHz Type=M10 Radiosonde auto_rx v1.3.0"
2020-05-09 05:50:30,2020-05-09 05:50:30,48.83253,2.16794,48,72,9311.03,4.2," t=-45.4C 401.000 MHz Type=M10 Radiosonde auto_rx v1.2.2"
2020-05-09 05:51:00,2020-05-09 05:51:00,48.83339,2.17324,50,76,9432.04,4.0," t=-46.1C 401.000 MHz Type=M10 Radiosonde auto_rx v1.2.2"
2020-05-09 05:51:30,2020-05-09 05:51:30,48.83386,2.17870,50,82,9552.43,4.2," t=-47.2C 401.000 MHz Type=M10 Radiosonde auto_rx v1.3.0"
2020-05-09 05:52:00,2020-05-09 05:52:00,48.83384,2.18452,50,94,9672.22,3.5," t=-47.1C 401.000 MHz Type=M10 Radiosonde auto_rx v1.2.2"
2020-05-09 05:52:30,2020-05-09 05:52:30,48.83357,2.19085,59,92,9787.43,3.8," t=-47.7C 401.000 MHz Type=M10 Radiosonde auto_rx v1.2.2"
2020-05-09 05:53:00,2020-05-09 05:53:00,48.83354,2.19762,63,88,9902.95,4.0," t=-48.7C 401.000 MHz Type=M10 Radiosonde auto_rx v1.2.2"
2020-05-09 05:53:30,2020-05-09 05:53:30,48.83333,2.20430,56,90,10011.46,3.9," t=-49.5C 401.000 MHz Type=M10 Radiosonde auto_rx v1.2.2"
2020-05-09 05:54:00,2020-05-09 05:54:00,48.83324,2.21113,63,91,10119.36,4.0," t=-49.8C 401.000 MHz Type=M10 Radiosonde auto_rx v1.2.2"
2020-05-09 05:54:30,2020-05-09 05:54:30,48.83298,2.21840,57,82,10233.05,3.4," t=-50.3C 401.000 MHz Type=M10 Radiosonde auto_rx v1.2.2"
2020-05-09 05:55:00,2020-05-09 05:55:00,48.83291,2.22684,76,90,10335.77,3.6," t=-50.8C 401.000 MHz Type=M10 Radiosonde auto_rx v1.2.2"
2020-05-09 05:55:30,2020-05-09 05:55:30,48.83295,2.23585,80,89,10441.23,3.3," t=-51.6C 401.000 MHz Type=M10 Radiosonde auto_rx v1.2.2"
2020-05-09 05:56:00,2020-05-09 05:56:00,48.83302,2.24496,80,89,10545.47,3.5," t=-52.3C 401.000 MHz Type=M10 Radiosonde auto_rx v1.2.2"
2020-05-09 05:56:30,2020-05-09 05:56:30,48.83315,2.25382,72,87,10652.46,3.8," t=-53.0C 401.000 MHz Type=M10 Radiosonde auto_rx v1.3.0"
2020-05-09 05:57:00,2020-05-09 05:57:00,48.83305,2.26178,57,98,10768.28,4.1," t=-53.7C 401.000 MHz Type=M10 Radiosonde auto_rx v1.2.2"
2020-05-09 05:57:30,2020-05-09 05:57:30,48.83295,2.26958,67,98,10885.32,4.0," t=-54.5C 401.000 MHz Type=M10 Radiosonde auto_rx v1.3.0"
2020-05-09 05:58:00,2020-05-09 05:58:00,48.83295,2.27626,50,87,10997.18,3.9," t=-54.9C 401.000 MHz Type=M10 Radiosonde auto_rx v1.2.2"
2020-05-09 05:58:30,2020-05-09 05:58:30,48.83332,2.28145,43,80,11125.50,4.8," t=-54.0C 401.000 MHz Type=M10 Radiosonde auto_rx v1.2.2"
2020-05-09 05:59:00,2020-05-09 05:59:00,48.83478,2.28618,44,49,11249.86,4.1," t=-54.0C 401.000 MHz Type=M10 Radiosonde auto_rx v1.3.0"
2020-05-09 05:59:30,2020-05-09 05:59:30,48.83643,2.29043,43,64,11350.45,4.1," t=-54.7C 401.000 MHz Type=M10 Radiosonde auto_rx v1.3.0"
2020-05-09 06:00:00,2020-05-09 06:00:00,48.83784,2.29547,44,73,11482.73,4.8," t=-55.7C 400.999 MHz Type=M10 Radiosonde auto_rx v1.2.2"
2020-05-09 06:00:30,2020-05-09 06:00:30,48.83840,2.30018,41,77,11608.00,4.4," t=-55.7C 401.000 MHz Type=M10 Radiosonde auto_rx v1.3.0"
2020-05-09 06:01:00,2020-05-09 06:01:00,48.83961,2.30495,39,62,11732.67,4.2," t=-55.2C 401.000 MHz Type=M10 Radiosonde auto_rx v1.3.0"
2020-05-09 06:01:30,2020-05-09 06:01:30,48.84161,2.31055,57,56,11846.97,3.3," t=-55.5C 401.000 MHz Type=M10 Radiosonde auto_rx v1.3.0"
2020-05-09 06:02:00,2020-05-09 06:02:00,48.84335,2.31501,63,61,11935.97,4.1," t=-56.0C 400.999 MHz Type=M10 Radiosonde auto_rx v1.2.2"
2020-05-09 06:02:30,2020-05-09 06:02:30,48.84670,2.32255,59,58,12078.00,3.6," t=-54.4C 401.000 MHz Type=M10 Radiosonde auto_rx v1.3.0"
2020-05-09 06:03:00,2020-05-09 06:03:00,48.84880,2.32662,54,50,12171.58,3.5," t=-53.8C 400.999 MHz Type=M10 Radiosonde auto_rx v1.2.2"
2020-05-09 06:03:30,2020-05-09 06:03:30,48.85199,2.33169,57,55,12304.47,3.5," t=-54.0C 401.000 MHz Type=M10 Radiosonde auto_rx v1.3.0"
2020-05-09 06:04:00,2020-05-09 06:04:00,48.85400,2.33719,56,61,12417.55,3.8," t=-53.2C 401.000 MHz Type=M10 Radiosonde auto_rx v1.3.0"
2020-05-09 06:04:30,2020-05-09 06:04:30,48.85569,2.34408,72,72,12530.02,3.7," t=-53.6C 401.000 MHz Type=M10 Radiosonde auto_rx v1.3.0"
2020-05-09 06:05:00,2020-05-09 06:05:00,48.85737,2.35252,83,76,12641.28,4.0," t=-53.6C 400.999 MHz Type=M10 Radiosonde auto_rx v1.2.2"
2020-05-09 06:05:30,2020-05-09 06:05:30,48.85839,2.36078,69,86,12754.66,3.7," t=-53.4C 400.999 MHz Type=M10 Radiosonde auto_rx v1.2.2"
2020-05-09 06:06:00,2020-05-09 06:06:00,48.85864,2.36904,63,92,12879.32,4.4," t=-53.4C 400.999 MHz Type=M10 Radiosonde auto_rx v1.3.0"
2020-05-09 06:06:31,2020-05-09 06:06:31,48.85854,2.37545,59,89,13005.51,3.9," t=-52.4C 400.999 MHz Type=M10 Radiosonde auto_rx v1.3.0"
2020-05-09 06:07:00,2020-05-09 06:07:00,48.85867,2.38016,37,77,13132.00,4.4," t=-52.0C 400.999 MHz Type=M10 Radiosonde auto_rx v1.3.0"
2020-05-09 06:07:30,2020-05-09 06:07:30,48.85983,2.38478,43,69,13262.46,5.0," t=-51.6C 400.999 MHz Type=M10 Radiosonde auto_rx v1.3.0"
2020-05-09 06:08:00,2020-05-09 06:08:00,48.86107,2.38908,63,68,13399.31,4.0," t=-52.0C 400.999 MHz Type=M10 Radiosonde auto_rx v1.3.0"
2020-05-09 06:08:30,2020-05-09 06:08:30,48.86311,2.39378,41,68,13523.98,4.1," t=-52.4C 400.999 MHz Type=M10 Radiosonde auto_rx v1.3.0"
2020-05-09 06:09:00,2020-05-09 06:09:00,48.86474,2.39843,43,60,13645.59,3.6," t=-53.1C 400.999 MHz Type=M10 Radiosonde auto_rx v1.3.0"
2020-05-09 06:09:30,2020-05-09 06:09:30,48.86632,2.40338,50,67,13764.46,4.2," t=-53.5C 400.999 MHz Type=M10 Radiosonde auto_rx v1.3.0"
2020-05-09 06:10:00,2020-05-09 06:10:00,48.86803,2.40909,56,70,13881.20,4.4," t=-53.4C 400.999 MHz Type=M10 Radiosonde auto_rx v1.3.0"
2020-05-09 06:10:30,2020-05-09 06:10:30,48.86939,2.41450,57,71,14005.56,4.0," t=-53.6C 400.999 MHz Type=M10 Radiosonde auto_rx v1.3.0"
2020-05-09 06:11:00,2020-05-09 06:11:00,48.87075,2.41964,50,61,14128.70,3.9," t=-54.1C 400.999 MHz Type=M10 Radiosonde auto_rx v1.3.0"
2020-05-09 06:11:30,2020-05-09 06:11:30,48.87239,2.42512,54,62,14248.18,3.4," t=-54.2C 400.999 MHz Type=M10 Radiosonde auto_rx v1.3.0"
2020-05-09 06:12:00,2020-05-09 06:12:00,48.87405,2.43106,54,66,14367.97,4.3," t=-54.2C 400.999 MHz Type=M10 Radiosonde auto_rx v1.3.0"
2020-05-09 06:12:30,2020-05-09 06:12:30,48.87549,2.43647,56,68,14485.01,4.4," t=-53.7C 400.999 MHz Type=M10 Radiosonde auto_rx v1.3.0"
2020-05-09 06:13:00,2020-05-09 06:13:00,48.87689,2.44321,57,82,14617.29,4.8," t=-53.2C 400.999 MHz Type=M10 Radiosonde auto_rx v1.3.0"
2020-05-09 06:13:30,2020-05-09 06:13:30,48.87772,2.44867,50,77,14742.26,4.5," t=-53.5C 400.999 MHz Type=M10 Radiosonde auto_rx v1.3.0"
2020-05-09 06:14:00,2020-05-09 06:14:00,48.87854,2.45464,48,79,14866.32,4.1," t=-54.0C 400.999 MHz Type=M10 Radiosonde auto_rx v1.3.0"
2020-05-09 06:14:30,2020-05-09 06:14:30,48.87939,2.46063,57,83,14993.42,4.1," t=-54.3C 400.999 MHz Type=M10 Radiosonde auto_rx v1.3.0"
2020-05-09 06:15:00,2020-05-09 06:15:00,48.88013,2.46636,54,82,15115.03,3.8," t=-54.5C 400.999 MHz Type=M10 Radiosonde auto_rx v1.3.0"
2020-05-09 06:16:00,2020-05-09 06:16:00,48.88125,2.47850,56,73,15356.13,3.8," t=-54.8C 400.999 MHz Type=M10 Radiosonde auto_rx v1.3.0"
2020-05-09 06:16:30,2020-05-09 06:16:30,48.88169,2.48437,33,85,15478.96,4.0," t=-54.7C 400.999 MHz Type=M10 Radiosonde auto_rx v1.3.0"
2020-05-09 06:17:00,2020-05-09 06:17:00,48.88201,2.48985,44,90,15596.62,3.8," t=-54.9C 400.999 MHz Type=M10 Radiosonde auto_rx v1.3.0"
2020-05-09 06:17:30,2020-05-09 06:17:30,48.88228,2.49558,43,97,15711.83,3.4," t=-54.2C 400.999 MHz Type=M10 Radiosonde auto_rx v1.3.0"
2020-05-09 06:18:00,2020-05-09 06:18:00,48.88236,2.50035,35,91,15828.26,3.4," t=-53.9C 400.999 MHz Type=M10 Radiosonde auto_rx v1.3.0"
2020-05-09 06:18:30,2020-05-09 06:18:30,48.88212,2.50499,30,89,15946.22,3.9," t=-53.4C 400.999 MHz Type=M10 Radiosonde auto_rx v1.3.0"
2020-05-09 06:19:00,2020-05-09 06:19:00,48.88157,2.50931,37,125,16067.23,4.1," t=-53.5C 400.999 MHz Type=M10 Radiosonde auto_rx v1.3.0"
2020-05-09 06:19:30,2020-05-09 06:19:30,48.88106,2.51313,35,98,16193.41,4.6," t=-53.9C 400.999 MHz Type=M10 Radiosonde auto_rx v1.3.0"
2020-05-09 06:20:30,2020-05-09 06:20:30,48.88080,2.51945,19,49,16433.60,4.1," t=-53.7C 400.999 MHz Type=M10 Radiosonde auto_rx v1.3.0"
2020-05-09 06:21:00,2020-05-09 06:21:00,48.88117,2.52207,24,68,16553.38,3.3," t=-53.1C 400.999 MHz Type=M10 Radiosonde auto_rx v1.3.0"
2020-05-09 06:21:30,2020-05-09 06:21:30,48.88168,2.52486,24,74,16666.16,4.1," t=-53.5C 400.999 MHz Type=M10 Radiosonde auto_rx v1.3.0"
2020-05-09 06:22:00,2020-05-09 06:22:00,48.88271,2.52885,35,74,16790.82,3.9," t=-53.9C 400.999 MHz Type=M10 Radiosonde auto_rx v1.3.0"
2020-05-09 06:22:30,2020-05-09 06:22:30,48.88341,2.53313,46,80,16898.72,4.2," t=-53.6C 400.999 MHz Type=M10 Radiosonde auto_rx v1.3.0"
2020-05-09 06:23:00,2020-05-09 06:23:00,48.88394,2.53843,37,72,17042.59,4.1," t=-54.3C 400.999 MHz Type=M10 Radiosonde auto_rx v1.3.0"
2020-05-09 06:23:30,2020-05-09 06:23:30,48.88420,2.54295,33,83,17168.47,4.0," t=-54.0C 400.999 MHz Type=M10 Radiosonde auto_rx v1.3.0"
2020-05-09 06:24:00,2020-05-09 06:24:00,48.88369,2.54709,26,104,17294.05,4.2," t=-54.1C 400.999 MHz Type=M10 Radiosonde auto_rx v1.3.0"
2020-05-09 06:24:30,2020-05-09 06:24:30,48.88255,2.55022,33,109,17413.22,4.1," t=-54.3C 400.999 MHz Type=M10 Radiosonde auto_rx v1.3.0"
2020-05-09 06:25:00,2020-05-09 06:25:00,48.88166,2.55325,24,91,17526.00,3.9," t=-54.7C 400.999 MHz Type=M10 Radiosonde auto_rx v1.3.0"
2020-05-09 06:25:30,2020-05-09 06:25:30,48.88092,2.55622,22,95,17648.83,3.9," t=-54.4C 400.999 MHz Type=M10 Radiosonde auto_rx v1.3.0"
2020-05-09 06:25:37,2020-05-09 06:25:37,48.88088,2.55696,33,81,17682.36,4.1," t=-54.5C Type=M10 ser=9062101531"
2020-05-09 06:26:00,2020-05-09 06:26:00,48.88091,2.55907,28,84,17768.32,3.6," t=-54.3C 400.999 MHz Type=M10 Radiosonde auto_rx v1.3.0"
2020-05-09 06:26:30,2020-05-09 06:26:30,48.88094,2.56171,26,97,17861.58,4.0," t=-54.4C 400.999 MHz Type=M10 Radiosonde auto_rx v1.3.0"
2020-05-09 06:27:00,2020-05-09 06:27:00,48.88081,2.56480,30,94,18010.33,3.8," t=-54.7C 400.999 MHz Type=M10 Radiosonde auto_rx v1.3.0"
2020-05-09 06:27:30,2020-05-09 06:27:30,48.88146,2.56763,48,77,18141.09,3.9," t=-55.3C 400.999 MHz Type=M10 Radiosonde auto_rx v1.3.0"
2020-05-09 06:28:00,2020-05-09 06:28:00,48.88208,2.57155,30,76,18266.05,4.5," t=-55.4C 400.999 MHz Type=M10 Radiosonde auto_rx v1.3.0"
2020-05-09 06:28:30,2020-05-09 06:28:30,48.88193,2.57583,31,111,18384.01,4.4," t=-55.3C 400.999 MHz Type=M10 Radiosonde auto_rx v1.3.0"
2020-05-09 06:29:00,2020-05-09 06:29:00,48.88133,2.58003,31,115,18501.36,3.6," t=-55.0C 400.999 MHz Type=M10 Radiosonde auto_rx v1.3.0"
2020-05-09 06:29:30,2020-05-09 06:29:30,48.88079,2.58305,33,86,18614.44,4.7," t=-55.0C 400.998 MHz Type=M10 Radiosonde auto_rx v1.3.0"
2020-05-09 06:30:00,2020-05-09 06:30:00,48.88023,2.58667,39,102,18729.96,3.8," t=-54.1C 400.999 MHz Type=M10 Radiosonde auto_rx v1.3.0"
2020-05-09 06:30:30,2020-05-09 06:30:30,48.87906,2.59050,37,115,18844.87,4.2," t=-53.4C 400.999 MHz Type=M10 Radiosonde auto_rx v1.3.0"
2020-05-09 06:31:00,2020-05-09 06:31:00,48.87777,2.59401,24,135,18963.74,3.6," t=-53.5C 400.999 MHz Type=M10 Radiosonde auto_rx v1.3.0"
2020-05-09 06:31:30,2020-05-09 06:31:30,48.87647,2.59796,37,121,19086.58,5.0," t=-53.7C 400.999 MHz Type=M10 Radiosonde auto_rx v1.3.0"
2020-05-09 06:32:00,2020-05-09 06:32:00,48.87455,2.60114,31,152,19218.25,4.5," t=-53.9C 400.999 MHz Type=M10 Radiosonde auto_rx v1.3.0"
2020-05-09 06:32:30,2020-05-09 06:32:30,48.87322,2.60320,19,122,19345.05,4.9," t=-54.6C 400.999 MHz Type=M10 Radiosonde auto_rx v1.3.0"
2020-05-09 06:33:00,2020-05-09 06:33:00,48.87217,2.60509,30,129,19471.54,4.1," t=-54.5C 400.999 MHz Type=M10 Radiosonde auto_rx v1.3.0"
2020-05-09 06:33:30,2020-05-09 06:33:30,48.87135,2.60570,4,197,19591.32,3.7," t=-54.4C 400.999 MHz Type=M10 Radiosonde auto_rx v1.3.0"
2020-05-09 06:34:00,2020-05-09 06:34:00,48.87093,2.60722,15,147,19717.21,3.6," t=-54.4C 400.999 MHz Type=M10 Radiosonde auto_rx v1.3.0"
2020-05-09 06:34:30,2020-05-09 06:34:30,48.87003,2.60912,30,113,19833.34,3.5," t=-54.8C 400.999 MHz Type=M10 Radiosonde auto_rx v1.3.0"
2020-05-09 06:35:00,2020-05-09 06:35:00,48.86831,2.61110,28,162,19954.04,3.7," t=-54.3C 400.998 MHz Type=M10 Radiosonde auto_rx v1.3.0"
2020-05-09 06:35:30,2020-05-09 06:35:30,48.86697,2.61275,17,125,20085.71,4.0," t=-54.7C 400.998 MHz Type=M10 Radiosonde auto_rx v1.3.0"
2020-05-09 06:36:00,2020-05-09 06:36:00,48.86646,2.61462,26,103,20218.91,5.2," t=-54.9C 400.998 MHz Type=M10 Radiosonde auto_rx v1.3.0"
2020-05-09 06:37:00,2020-05-09 06:37:00,48.86365,2.61880,19,165,20495.36,4.5," t=-54.4C 400.998 MHz Type=M10 Radiosonde auto_rx v1.3.0"
2020-05-09 06:37:30,2020-05-09 06:37:30,48.86263,2.62123,28,126,20627.64,5.2," t=-54.5C 400.998 MHz Type=M10 Radiosonde auto_rx v1.3.0"
2020-05-09 06:38:00,2020-05-09 06:38:00,48.86097,2.62363,30,126,20749.56,5.1," t=-53.5C 400.998 MHz Type=M10 Radiosonde auto_rx v1.3.0"
2020-05-09 06:38:30,2020-05-09 06:38:30,48.85932,2.62543,9,166,20869.96,3.8," t=-53.4C 400.998 MHz Type=M10 Radiosonde auto_rx v1.3.0"
2020-05-09 06:39:00,2020-05-09 06:39:00,48.85779,2.62678,26,153,20988.83,4.4," t=-53.3C 400.998 MHz Type=M10 Radiosonde auto_rx v1.3.0"
2020-05-09 06:39:30,2020-05-09 06:39:30,48.85576,2.62764,35,170,21113.19,3.8," t=-53.0C 400.998 MHz Type=M10 Radiosonde auto_rx v1.3.0"
2020-05-09 06:40:00,2020-05-09 06:40:00,48.85420,2.62761,13,100,21241.21,3.4," t=-53.0C 400.998 MHz Type=M10 Radiosonde auto_rx v1.3.0"
2020-05-09 06:40:30,2020-05-09 06:40:30,48.85339,2.62742,24,197,21369.53,4.9," t=-52.5C 400.998 MHz Type=M10 Radiosonde auto_rx v1.3.0"
2020-05-09 06:41:00,2020-05-09 06:41:00,48.85255,2.62813,17,170,21510.04,4.1," t=-52.7C 400.998 MHz Type=M10 Radiosonde auto_rx v1.3.0"
2020-05-09 06:41:30,2020-05-09 06:41:30,48.85164,2.62903,17,113,21648.72,5.1," t=-52.1C 400.998 MHz Type=M10 Radiosonde auto_rx v1.3.0"
2020-05-09 06:42:00,2020-05-09 06:42:00,48.85013,2.62922,13,155,21791.98,3.9," t=-50.9C 400.998 MHz Type=M10 Radiosonde auto_rx v1.3.0"
2020-05-09 06:42:30,2020-05-09 06:42:30,48.84898,2.62936,26,205,21920.91,4.8," t=-50.4C 400.998 MHz Type=M10 Radiosonde auto_rx v1.3.0"
2020-05-09 06:43:00,2020-05-09 06:43:00,48.84749,2.62861,20,215,22054.72,4.1," t=-50.0C 400.998 MHz Type=M10 Radiosonde auto_rx v1.3.0"
2020-05-09 06:43:30,2020-05-09 06:43:30,48.84666,2.62666,13,162,22177.86,2.3," t=-50.4C 400.998 MHz Type=M10 Radiosonde auto_rx v1.3.0"
2020-05-09 06:44:00,2020-05-09 06:44:00,48.84659,2.62516,6,203,22308.31,4.8," t=-50.4C 400.998 MHz Type=M10 Radiosonde auto_rx v1.3.0"
2020-05-09 06:44:30,2020-05-09 06:44:30,48.84680,2.62408,20,334,22440.90,4.9," t=-50.9C 400.998 MHz Type=M10 Radiosonde auto_rx v1.3.0"
2020-05-09 06:45:00,2020-05-09 06:45:00,48.84742,2.62425,11,31,22575.93,4.9," t=-50.5C 400.998 MHz Type=M10 Radiosonde auto_rx v1.3.0"
2020-05-09 06:45:30,2020-05-09 06:45:30,48.84729,2.62488,26,128,22710.04,4.3," t=-50.3C 400.998 MHz Type=M10 Radiosonde auto_rx v1.3.0"
2020-05-09 06:46:00,2020-05-09 06:46:00,48.84679,2.62415,13,334,22855.43,4.0," t=-50.4C 400.998 MHz Type=M10 Radiosonde auto_rx v1.3.0"
2020-05-09 06:46:30,2020-05-09 06:46:30,48.84684,2.62383,7,157,23002.34,4.3," t=-50.0C 400.998 MHz Type=M10 Radiosonde auto_rx v1.3.0"
2020-05-09 06:47:00,2020-05-09 06:47:00,48.84659,2.62309,7,239,23148.95,4.7," t=-49.7C 400.998 MHz Type=M10 Radiosonde auto_rx v1.2.2"
2020-05-09 06:47:30,2020-05-09 06:47:30,48.84653,2.62227,15,281,23296.47,4.5," t=-50.0C 400.998 MHz Type=M10 Radiosonde auto_rx v1.3.0"
2020-05-09 06:48:00,2020-05-09 06:48:00,48.84645,2.62157,6,315,23437.29,4.3," t=-50.4C 400.998 MHz Type=M10 Radiosonde auto_rx v1.3.0"
2020-05-09 06:48:30,2020-05-09 06:48:30,48.84635,2.62144,26,151,23569.27,3.6," t=-50.6C 400.998 MHz Type=M10 Radiosonde auto_rx v1.3.0"
2020-05-09 06:49:00,2020-05-09 06:49:00,48.84526,2.62228,11,182,23687.53,3.8," t=-49.9C 400.998 MHz Type=M10 Radiosonde auto_rx v1.2.2"
2020-05-09 06:49:30,2020-05-09 06:49:30,48.84394,2.62257,33,186,23810.98,4.6," t=-48.9C 400.998 MHz Type=M10 Radiosonde auto_rx v1.3.1"
2020-05-09 06:50:00,2020-05-09 06:50:00,48.84285,2.62257,4,31,23936.86,4.0," t=-49.7C 400.998 MHz Type=M10 Radiosonde auto_rx v1.2.2"
2020-05-09 06:50:30,2020-05-09 06:50:30,48.84248,2.62248,6,255,24066.40,4.9," t=-49.8C 400.998 MHz Type=M10 Radiosonde auto_rx v1.2.2"
2020-05-09 06:51:00,2020-05-09 06:51:00,48.84177,2.62182,39,184,24201.73,3.4," t=-49.9C 400.998 MHz Type=M10 Radiosonde auto_rx v1.2.2"
2020-05-09 06:51:30,2020-05-09 06:51:30,48.84020,2.62066,24,226,24347.73,5.8," t=-49.7C 400.998 MHz Type=M10 Radiosonde auto_rx v1.2.2"
2020-05-09 06:52:00,2020-05-09 06:52:00,48.83880,2.61954,22,222,24498.30,5.9," t=-49.8C 400.999 MHz Type=M10 Radiosonde - 73 DE F1IEE auto_rx v1.3.0"
2020-05-09 06:52:30,2020-05-09 06:52:30,48.83754,2.61777,24,187,24652.83,5.0," t=-49.9C 400.999 MHz Type=M10 Radiosonde - 73 DE F1IEE auto_rx v1.3.0"
2020-05-09 06:53:00,2020-05-09 06:53:00,48.83602,2.61663,20,174,24806.76,6.3," t=-50.7C 400.998 MHz Type=M10 Radiosonde auto_rx v1.3.1"
2020-05-09 06:53:30,2020-05-09 06:53:30,48.83572,2.61633,20,162,24848.21,5.1," t=-50.8C 400.998 MHz Type=M10 Radiosonde - 73 DE F1IEE auto_rx v1.3.0"
2020-05-09 06:54:00,2020-05-09 06:54:00,48.83391,2.61550,31,184,25110.95,5.4," t=-50.9C 400.999 MHz Type=M10 Radiosonde - 73 DE F1IEE auto_rx v1.3.0"
2020-05-09 06:54:30,2020-05-09 06:54:30,48.83211,2.61436,30,230,25263.65,3.4," t=-50.4C 400.998 MHz Type=M10 Radiosonde auto_rx v1.2.2"
2020-05-09 06:55:00,2020-05-09 06:55:00,48.83069,2.61207,13,197,25406.60,2.8," t=-50.5C 400.998 MHz Type=M10 Radiosonde auto_rx v1.3.1"
2020-05-09 06:55:30,2020-05-09 06:55:30,48.82947,2.61021,37,210,25546.51,3.5," t=-51.3C 400.998 MHz Type=M10 Radiosonde auto_rx v1.2.2"
2020-05-09 06:56:00,2020-05-09 06:56:01,48.82780,2.60777,28,214,25682.45,4.5," t=-50.7C 400.999 MHz Type=M10 Radiosonde - 73 DE F1IEE auto_rx v1.3.0"
2020-05-09 06:56:30,2020-05-09 06:56:30,48.82547,2.60441,48,237,25818.39,4.5," t=-51.3C 400.998 MHz Type=M10 Radiosonde auto_rx v1.2.2"
2020-05-09 06:57:00,2020-05-09 06:57:00,48.82337,2.60033,37,223,25961.64,3.2," t=-51.7C 400.998 MHz Type=M10 Radiosonde auto_rx v1.2.2"
2020-05-09 06:57:30,2020-05-09 06:57:30,48.82162,2.59626,48,231,26111.30,4.2," t=-52.0C 400.998 MHz Type=M10 Radiosonde auto_rx v1.2.2"
2020-05-09 06:58:00,2020-05-09 06:58:00,48.82004,2.59166,30,248,26270.41,4.0," t=-51.4C 400.998 MHz Type=M10 Radiosonde auto_rx v1.3.1"
2020-05-09 06:58:30,2020-05-09 06:58:30,48.81829,2.58701,63,248,26433.17,4.6," t=-51.7C 400.998 MHz Type=M10 Radiosonde auto_rx v1.3.0"
2020-05-09 06:59:00,2020-05-09 06:59:00,48.81677,2.58180,37,223,26601.72,4.5," t=-51.4C 400.998 MHz Type=M10 Radiosonde auto_rx v1.2.2"
2020-05-09 06:59:30,2020-05-09 06:59:30,48.81454,2.57745,33,245,26768.45,6.5," t=-51.6C 400.998 MHz Type=M10 Radiosonde auto_rx v1.2.2"
2020-05-09 07:00:00,2020-05-09 07:00:00,48.81245,2.57270,76,256,26931.52,4.9," t=-51.5C 400.998 MHz Type=M10 Radiosonde auto_rx v1.3.1"
2020-05-09 07:00:30,2020-05-09 07:00:30,48.81078,2.56726,76,255,27089.40,4.4," t=-51.5C 400.998 MHz Type=M10 Radiosonde auto_rx v1.3.0"
2020-05-09 07:01:00,2020-05-09 07:01:00,48.80920,2.56229,61,254,27226.56,4.4," t=-51.2C 400.998 MHz Type=M10 Radiosonde auto_rx v1.3.0"
2020-05-09 07:01:30,2020-05-09 07:01:30,48.80722,2.55644,57,262,27400.61,3.8," t=-51.4C 400.998 MHz Type=M10 Radiosonde auto_rx v1.3.1"
2020-05-09 07:02:00,2020-05-09 07:02:00,48.80561,2.55019,74,255,27548.43,6.4," t=-50.2C 400.998 MHz Type=M10 Radiosonde auto_rx v1.3.1"
2020-05-09 07:02:30,2020-05-09 07:02:30,48.80406,2.54393,76,238,27698.09,3.8," t=-50.8C 400.998 MHz Type=M10 Radiosonde auto_rx v1.3.0"
2020-05-09 07:03:00,2020-05-09 07:03:00,48.80260,2.53748,57,221,27846.53,2.7," t=-49.4C 400.998 MHz Type=M10 Radiosonde auto_rx v1.2.2"
2020-05-09 07:03:30,2020-05-09 07:03:30,48.80116,2.53092,63,251,27993.75,6.0," t=-50.0C 400.998 MHz Type=M10 Radiosonde auto_rx v1.2.2"
2020-05-09 07:04:00,2020-05-09 07:04:00,48.79956,2.52429,54,257,28145.84,6.4," t=-50.6C 400.998 MHz Type=M10 Radiosonde auto_rx v1.3.1"
2020-05-09 07:04:30,2020-05-09 07:04:30,48.79799,2.51779,52,254,28302.51,4.0," t=-50.2C 400.998 MHz Type=M10 Radiosonde auto_rx v1.2.2"
2020-05-09 07:05:00,2020-05-09 07:05:00,48.79654,2.51185,52,253,28456.74,5.4," t=-49.6C 400.998 MHz Type=M10 Radiosonde auto_rx v1.2.2"
2020-05-09 07:05:30,2020-05-09 07:05:30,48.79438,2.50542,76,244,28625.90,4.5," t=-48.7C 400.998 MHz Type=M10 Radiosonde auto_rx v1.3.0"
2020-05-09 07:06:00,2020-05-09 07:06:00,48.79284,2.49870,70,239,28784.70,6.5," t=-48.7C 400.998 MHz Type=M10 Radiosonde auto_rx v1.3.0"
2020-05-09 07:06:30,2020-05-09 07:06:30,48.79132,2.49233,70,233,28947.16,7.3," t=-48.0C 400.998 MHz Type=M10 Radiosonde auto_rx v1.3.1"
2020-05-09 07:07:00,2020-05-09 07:07:00,48.79000,2.48616,65,266,29105.66,4.9," t=-46.9C 400.998 MHz Type=M10 Radiosonde auto_rx v1.2.2"
2020-05-09 07:07:30,2020-05-09 07:07:30,48.78956,2.47985,48,281,29258.67,3.8," t=-46.9C 400.998 MHz Type=M10 Radiosonde auto_rx v1.3.0"
2020-05-09 07:08:00,2020-05-09 07:08:00,48.78958,2.47382,43,294,29421.43,5.2," t=-46.7C 400.998 MHz Type=M10 Radiosonde auto_rx v1.3.1"
2020-05-09 07:08:30,2020-05-09 07:08:30,48.78974,2.46839,56,299,29569.26,4.7," t=-47.0C 400.999 MHz Type=M10 Radiosonde - 73 DE F1IEE auto_rx v1.3.0"
2020-05-09 07:09:00,2020-05-09 07:09:00,48.78987,2.46240,52,298,29746.96,4.9," t=-46.2C 400.997 MHz Type=M10 Radiosonde auto_rx v1.3.0"
2020-05-09 07:09:30,2020-05-09 07:09:30,48.79011,2.45570,52,324,29910.94,1.5," t=-46.7C 400.998 MHz Type=M10 Radiosonde auto_rx v1.3.1"
2020-05-09 07:10:00,2020-05-09 07:10:00,48.79086,2.44954,54,305,30082.54,3.9," t=-46.9C 400.997 MHz Type=M10 Radiosonde auto_rx v1.3.0"
2020-05-09 07:10:30,2020-05-09 07:10:30,48.79114,2.44418,37,287,30249.88,5.1," t=-46.2C 400.998 MHz Type=M10 Radiosonde auto_rx v1.3.1"
2020-05-09 07:11:00,2020-05-09 07:11:00,48.79148,2.43982,22,307,30412.33,4.6," t=-45.8C 400.998 MHz Type=M10 Radiosonde auto_rx v1.2.2"
2020-05-09 07:11:30,2020-05-09 07:11:30,48.79140,2.43581,26,308,30581.50,2.7," t=-44.4C 400.998 MHz Type=M10 Radiosonde auto_rx v1.3.1"
2020-05-09 07:12:00,2020-05-09 07:12:00,48.79129,2.43210,30,260,30736.95,6.1," t=-44.5C 400.997 MHz Type=M10 Radiosonde auto_rx v1.3.0"
2020-05-09 07:12:30,2020-05-09 07:12:30,48.79137,2.43161,57,256,30767.12,3.6," t=-44.8C 400.997 MHz Type=M10 Radiosonde auto_rx v1.2.2"
2020-05-09 07:13:00,2020-05-09 07:13:00,48.78941,2.41961,93,245,31041.14,0.5," t=-45.5C 400.997 MHz Type=M10 Radiosonde auto_rx v1.3.0"
2020-05-09 07:13:25,2020-05-09 07:13:25,48.78871,2.41374,102,254,31157.88,5.0," t=-44.8C 400.997 MHz Type=M10 Radiosondy.info auto_rx v1.3.1"
2020-05-09 07:13:30,2020-05-09 07:13:30,48.78882,2.41244,20,307,31191.71,6.4," t=-44.8C 400.997 MHz Type=M10 Radiosonde auto_rx v1.3.0"
2020-05-09 07:14:00,2020-05-09 07:14:00,48.78913,2.40726,106,263,31337.71,3.4," t=-43.0C 400.997 MHz Type=M10 Radiosonde auto_rx v1.2.2"
2020-05-09 07:14:30,2020-05-09 07:14:30,48.79008,2.39986,39,300,31540.40,9.3," t=-42.6C 400.997 MHz Type=M10 Radiosonde auto_rx v1.3.0"
2020-05-09 07:15:00,2020-05-09 07:15:00,48.79026,2.39459,67,306,31693.41,2.5," t=-42.1C 400.997 MHz Type=M10 Radiosonde auto_rx v1.2.2"
2020-05-09 07:15:20,2020-05-09 07:15:20,48.79016,2.39085,61,271,31801.92,7.6," t=-42.2C 400.997 MHz Type=M10 Radiosondy.info auto_rx v1.3.1"
2020-05-09 07:15:30,2020-05-09 07:15:30,48.79011,2.38851,52,295,31866.23,2.8," t=-42.4C 400.997 MHz Type=M10 Radiosonde auto_rx v1.3.0"
2020-05-09 07:15:50,2020-05-09 07:15:50,48.78994,2.38514,87,243,31958.58,2.8," t=-42.5C 400.997 MHz Type=M10 Radiosondy.info auto_rx v1.3.1"
2020-05-09 07:16:00,2020-05-09 07:16:00,48.78971,2.38235,67,271,32037.22,9.0," t=-42.6C 400.998 MHz Type=M10 Radiosonde auto_rx v1.3.1"
2020-05-09 07:16:30,2020-05-09 07:16:30,48.78938,2.37821,87,241,32204.25,0.8," t=-42.1C 400.998 MHz Type=M10 Radiosonde auto_rx v1.3.1"
2020-05-09 07:17:00,2020-05-09 07:17:00,48.78876,2.37302,24,252,32375.55,12.0," t=-41.3C 400.997 MHz Type=M10 Radiosonde auto_rx v1.3.0"
2020-05-09 07:17:30,2020-05-09 07:17:30,48.78794,2.36658,24,266,32547.46,1.9," t=-40.9C 400.997 MHz Type=M10 Radiosonde auto_rx v1.3.0"
2020-05-09 07:18:00,2020-05-09 07:18:00,48.78728,2.36073,98,288,32701.99,7.0," t=-39.5C 400.998 MHz Type=M10 Radiosonde auto_rx v1.2.2"
2020-05-09 07:18:30,2020-05-09 07:18:30,48.78739,2.35381,91,296,32875.73,2.4," t=-39.3C 400.997 MHz Type=M10 Radiosonde auto_rx v1.3.0"
2020-05-09 07:19:00,2020-05-09 07:19:00,48.78674,2.34887,100,251,33022.64,7.9," t=-38.5C 400.997 MHz Type=M10 Radiosonde auto_rx v1.3.1"
2020-05-09 07:19:05,2020-05-09 07:19:05,48.78677,2.34803,46,306,33041.84,2.1," t=-38.3C 400.997 MHz Type=M10 Radiosondy.info auto_rx v1.3.1"
2020-05-09 07:19:30,2020-05-09 07:19:30,48.78456,2.34244,78,284,33195.77,5.5," t=-36.5C 400.997 MHz Type=M10 Radiosonde auto_rx v1.3.0"
2020-05-09 07:20:00,2020-05-09 07:20:00,48.78223,2.33615,91,256,33349.08,10.5," t=-36.1C 400.997 MHz Type=M10 Radiosonde auto_rx v1.3.1"
2020-05-09 07:20:30,2020-05-09 07:20:30,48.78023,2.33039,63,229,33491.73,10.8," t=-35.0C 400.998 MHz Type=M10 Radiosonde auto_rx v1.3.1"
2020-05-09 07:21:00,2020-05-09 07:21:00,48.77858,2.32283,61,202,33660.28,0.2," t=-34.2C 400.998 MHz Type=M10 Radiosonde auto_rx v1.3.1"
2020-05-09 07:21:30,2020-05-09 07:21:30,48.77790,2.31591,78,300,33807.20,3.0," t=-33.9C 400.998 MHz Type=M10 Radiosonde auto_rx v1.3.1"
2020-05-09 07:22:00,2020-05-09 07:22:00,48.77644,2.30847,83,253,33978.19,9.7," t=-33.6C 400.997 MHz Type=M10 Radiosonde auto_rx v1.2.2"
2020-05-09 07:22:05,2020-05-09 07:22:05,48.77650,2.30765,35,312,33989.77,6.5," t=-33.5C 400.997 MHz Type=M10 Radiosondy.info auto_rx v1.3.1"
2020-05-09 07:22:25,2020-05-09 07:22:25,48.77599,2.30382,109,247,34081.21,1.1," t=-33.6C 400.997 MHz Type=M10 Radiosondy.info auto_rx v1.3.1"
2020-05-09 07:22:30,2020-05-09 07:22:30,48.77577,2.30139,93,249,34139.73,2.2," t=-33.6C 400.997 MHz Type=M10 Radiosonde auto_rx v1.3.0"
2020-05-09 07:22:35,2020-05-09 07:22:35,48.77568,2.30103,113,250,34140.95,0.1," t=-33.5C 400.997 MHz Type=M10 Radiosondy.info auto_rx v1.3.1"
2020-05-09 07:23:00,2020-05-09 07:23:00,48.77497,2.29189,31,261,34299.45,-0.2," t=-33.0C 400.998 MHz Type=M10 Radiosonde auto_rx v1.3.1"
2020-05-09 07:23:30,2020-05-09 07:23:30,48.77501,2.28132,124,299,34458.25,7.0," t=-33.7C 400.997 MHz Type=M10 Radiosonde auto_rx v1.3.0"
2020-05-09 07:24:00,2020-05-09 07:24:00,48.77631,2.27233,128,257,34590.23,-1.1," t=-33.2C 400.998 MHz Type=M10 Radiosonde auto_rx v1.2.2"
2020-05-09 07:24:20,2020-05-09 07:24:20,48.77759,2.26700,56,303,34679.84,-1.4," t=-32.9C 400.997 MHz Type=M10 Radiosondy.info auto_rx v1.3.1"
2020-05-09 07:24:30,2020-05-09 07:24:30,48.77866,2.26418,48,290,34736.53,-0.6," t=-32.7C 400.997 MHz Type=M10 Radiosonde auto_rx v1.3.1"
2020-05-09 07:25:00,2020-05-09 07:25:00,48.78168,2.25808,69,303,34894.11,7.6," t=-33.1C 400.998 MHz Type=M10 Radiosonde auto_rx v1.3.1"
2020-05-09 07:25:30,2020-05-09 07:25:30,48.78171,2.25253,76,275,34062.62,-52.1," t=-32.0C 400.998 MHz Type=M10 Radiosonde auto_rx v1.3.1"
2020-05-09 07:26:00,2020-05-09 07:26:00,48.77971,2.24427,57,247,32766.30,-26.1," t=-38.4C 400.997 MHz Type=M10 Radiosonde auto_rx v1.3.0"
2020-05-09 07:26:30,2020-05-09 07:26:30,48.77837,2.23677,76,297,31871.11,-28.7," t=-42.5C 400.997 MHz Type=M10 Radiosonde auto_rx v1.3.0"
2020-05-09 07:27:00,2020-05-09 07:27:00,48.77866,2.23148,81,228,31064.61,-28.7," t=-44.9C 400.998 MHz Type=M10 Radiosonde auto_rx v1.3.1"
2020-05-09 07:27:30,2020-05-09 07:27:30,48.77798,2.22593,31,253,30255.97,-30.3," t=-46.3C 400.998 MHz Type=M10 Radiosonde auto_rx v1.3.1"
2020-05-09 07:28:00,2020-05-09 07:28:00,48.77866,2.21996,72,304,29462.27,-23.4," t=-46.8C 400.998 MHz Type=M10 Radiosonde auto_rx v1.3.1"
2020-05-09 07:28:30,2020-05-09 07:28:30,48.77807,2.21382,119,245,28710.94,-24.3," t=-48.4C 400.997 MHz Type=M10 Radiosonde auto_rx v1.3.1"
2020-05-09 07:29:00,2020-05-09 07:29:00,48.77678,2.20656,124,245,27975.76,-24.9," t=-50.7C 400.998 MHz Type=M10 Radiosonde auto_rx v1.3.1"
2020-05-09 07:29:30,2020-05-09 07:29:30,48.77510,2.19898,91,282,27233.27,-24.1," t=-50.7C 400.998 MHz Type=M10 Radiosonde auto_rx v1.3.1"
2020-05-09 07:30:00,2020-05-09 07:30:00,48.77292,2.19326,57,297,26555.09,-23.3," t=-51.6C 400.997 MHz Type=M10 Radiosonde auto_rx v1.3.0"
2020-05-09 07:30:30,2020-05-09 07:30:30,48.77299,2.19314,28,321,26531.62,-23.8," t=-51.6C 400.997 MHz Type=M10 Radiosonde auto_rx v1.3.1"
2020-05-09 07:31:00,2020-05-09 07:31:00,48.76840,2.18480,52,286,25324.00,-18.6," t=-52.1C 400.997 MHz Type=M10 Radiosonde auto_rx v1.3.0"
2020-05-09 07:31:30,2020-05-09 07:31:30,48.76651,2.18371,81,246,24779.02,-17.8," t=-52.1C 400.997 MHz Type=M10 Radiosonde auto_rx v1.2.2"
2020-05-09 07:32:00,2020-05-09 07:32:00,48.76529,2.18262,54,248,24228.55,-17.4," t=-52.1C 400.997 MHz Type=M10 Radiosonde auto_rx v1.3.0"
2020-05-09 07:32:30,2020-05-09 07:32:30,48.76468,2.18344,59,183,23723.80,-16.4," t=-51.6C 400.997 MHz Type=M10 Radiosonde auto_rx v1.3.0"
2020-05-09 07:33:00,2020-05-09 07:33:00,48.76513,2.18348,48,107,23245.88,-15.6," t=-50.0C 400.997 MHz Type=M10 Radiosonde auto_rx v1.3.1"
2020-05-09 07:33:30,2020-05-09 07:33:30,48.76507,2.18333,57,309,22810.62,-17.3," t=-50.5C 400.997 MHz Type=M10 Radiosonde auto_rx v1.3.1"
2020-05-09 07:34:00,2020-05-09 07:34:00,48.76524,2.18376,69,253,22358.60,-15.3," t=-51.0C 400.997 MHz Type=M10 Radiosonde auto_rx v1.2.2"
2020-05-09 07:34:30,2020-05-09 07:34:30,48.76479,2.18208,43,33,21853.55,-13.9," t=-50.9C 400.997 MHz Type=M10 Radiosonde auto_rx v1.3.1"
2020-05-09 07:35:00,2020-05-09 07:35:00,48.76395,2.18334,61,118,21386.29,-13.1," t=-53.6C 400.997 MHz Type=M10 Radiosonde auto_rx v1.3.0"
2020-05-09 07:35:30,2020-05-09 07:35:30,48.76302,2.18345,67,232,21195.18,-14.5," t=-53.2C 400.996 MHz Type=M10 Radiosonde auto_rx v1.3.1"
2020-05-09 07:36:00,2020-05-09 07:36:00,48.76194,2.18440,81,173,20807.17,-14.0," t=-53.8C 400.996 MHz Type=M10 Radiosonde auto_rx v1.3.1"
2020-05-09 07:36:30,2020-05-09 07:36:30,48.75999,2.18697,63,39,20194.22,-14.4," t=-54.2C 400.997 MHz Type=M10 Radiosonde auto_rx v1.3.0"
2020-05-09 07:37:00,2020-05-09 07:37:00,48.75871,2.18897,31,336,19822.06,-12.6," t=-54.5C 400.997 MHz Type=M10 Radiosonde auto_rx v1.3.0"
2020-05-09 07:37:30,2020-05-09 07:37:30,48.75789,2.19131,43,230,19462.09,-11.9," t=-54.7C 400.997 MHz Type=M10 Radiosonde auto_rx v1.3.0"
2020-05-09 07:38:00,2020-05-09 07:38:00,48.75685,2.19411,76,149,19113.40,-10.9," t=-54.6C 400.997 MHz Type=M10 Radiosonde auto_rx v1.3.0"
2020-05-09 07:38:30,2020-05-09 07:38:30,48.75634,2.19715,85,88,18774.16,-11.2," t=-53.8C 400.996 MHz Type=M10 Radiosonde auto_rx v1.3.1"
2020-05-09 07:39:00,2020-05-09 07:39:00,48.75626,2.19946,74,86,18531.84,-10.9," t=-54.2C 400.996 MHz Type=M10 Radiosonde auto_rx v1.3.1"
2020-05-09 07:39:30,2020-05-09 07:39:30,48.75590,2.20439,19,195,18132.55,-10.7," t=-54.0C 400.997 MHz Type=M10 Radiosonde auto_rx v1.3.0"
2020-05-09 07:40:00,2020-05-09 07:40:00,48.75678,2.20752,74,88,17839.03,-9.7," t=-53.4C 400.997 MHz Type=M10 Radiosonde auto_rx v1.3.1"
2020-05-09 07:40:30,2020-05-09 07:40:30,48.75675,2.21054,63,32,17535.45,-9.8," t=-53.5C 400.997 MHz Type=M10 Radiosonde auto_rx v1.3.1"
2020-05-09 07:41:00,2020-05-09 07:41:00,48.75624,2.21419,35,206,17251.38,-9.8," t=-53.3C 400.997 MHz Type=M10 Radiosonde auto_rx v1.3.1"
2020-05-09 07:41:30,2020-05-09 07:41:30,48.75636,2.21860,89,97,16972.48,-8.7," t=-52.7C 400.997 MHz Type=M10 Radiosonde auto_rx v1.3.1"
2020-05-09 07:42:00,2020-05-09 07:42:00,48.75610,2.22297,37,17,16705.17,-8.8," t=-53.3C 400.996 MHz Type=M10 Radiosonde auto_rx v1.3.0"
2020-05-09 07:42:30,2020-05-09 07:42:30,48.75649,2.22699,54,140,16441.22,-8.8," t=-53.7C 400.996 MHz Type=M10 Radiosonde auto_rx v1.3.0"
2020-05-09 07:43:00,2020-05-09 07:43:00,48.75615,2.22960,56,44,16182.75,-8.9," t=-53.6C 400.996 MHz Type=M10 Radiosonde auto_rx v1.3.0"
2020-05-09 07:43:30,2020-05-09 07:43:30,48.75557,2.23402,41,160,15932.81,-7.3," t=-54.5C 400.996 MHz Type=M10 Radiosonde auto_rx v1.3.1"
2020-05-09 07:44:00,2020-05-09 07:44:00,48.75541,2.23752,76,73,15688.36,-8.3," t=-54.3C 400.996 MHz Type=M10 Radiosonde auto_rx v1.3.1"
2020-05-09 07:44:30,2020-05-09 07:44:30,48.75510,2.24254,19,148,15448.18,-8.1," t=-54.9C 400.996 MHz Type=M10 Radiosonde auto_rx v1.3.0"
2020-05-09 07:45:00,2020-05-09 07:45:00,48.75531,2.24669,63,52,15228.72,-7.9," t=-54.4C 400.996 MHz Type=M10 Radiosonde auto_rx v1.3.1"
2020-05-09 07:45:30,2020-05-09 07:45:30,48.75525,2.25257,20,137,14986.41,-7.4," t=-54.6C 400.996 MHz Type=M10 Radiosonde auto_rx v1.3.0"
2020-05-09 07:46:00,2020-05-09 07:46:00,48.75569,2.25572,89,63,14861.44,-7.5," t=-54.0C 400.996 MHz Type=M10 Radiosonde auto_rx v1.3.1"
2020-05-09 07:46:30,2020-05-09 07:46:30,48.75707,2.26511,26,117,14559.38,-7.5," t=-54.4C 400.996 MHz Type=M10 Radiosonde auto_rx v1.3.1"
2020-05-09 07:47:00,2020-05-09 07:47:00,48.75769,2.26996,56,112,14399.36,-6.5," t=-54.3C 400.996 MHz Type=M10 Radiosonde auto_rx v1.3.1"
2020-05-09 07:47:30,2020-05-09 07:47:30,48.75959,2.27791,24,73,14147.90,-6.7," t=-53.2C 400.996 MHz Type=M10 Radiosonde auto_rx v1.3.0"
2020-05-09 07:48:00,2020-05-09 07:48:00,48.76191,2.28312,81,35,13965.63,-6.6," t=-53.3C 400.996 MHz Type=M10 Radiosonde auto_rx v1.3.1"
2020-05-09 07:48:30,2020-05-09 07:48:30,48.76391,2.28832,15,31,13759.89,-6.9," t=-52.8C 400.996 MHz Type=M10 Radiosonde auto_rx v1.3.1"
2020-05-09 07:49:00,2020-05-09 07:49:00,48.76542,2.29227,43,24,13587.98,-6.4," t=-52.5C 400.996 MHz Type=M10 Radiosonde auto_rx v1.3.1"
2020-05-09 07:49:30,2020-05-09 07:49:30,48.76708,2.29885,44,108,13369.44,-6.3," t=-52.3C 400.996 MHz Type=M10 Radiosonde auto_rx v1.3.1"
2020-05-09 07:50:00,2020-05-09 07:50:00,48.76835,2.30358,63,42,13174.98,-6.0," t=-52.0C 400.995 MHz Type=M10 Radiosonde auto_rx v1.3.1"
2020-05-09 07:50:30,2020-05-09 07:50:30,48.76900,2.30570,72,49,13087.50,-6.5," t=-51.9C 400.995 MHz Type=M10 Radiosonde auto_rx v1.3.1"
2020-05-09 07:51:00,2020-05-09 07:51:00,48.77000,2.30985,69,90,12919.56,-6.0," t=-51.8C 400.995 MHz Type=M10 Radiosonde auto_rx v1.3.1"
2020-05-09 07:51:30,2020-05-09 07:51:30,48.77127,2.32095,74,101,12604.39,-6.2," t=-53.8C 400.996 MHz Type=M10 Radiosonde auto_rx v1.3.1"
2020-05-09 07:52:00,2020-05-09 07:52:00,48.77183,2.32420,78,98,12530.63,-6.2," t=-53.8C 400.996 MHz Type=M10 Radiosonde auto_rx v1.3.1"
2020-05-09 07:52:30,2020-05-09 07:52:30,48.77392,2.33206,98,52,12342.27,-6.0," t=-54.8C 400.996 MHz Type=M10 Radiosonde auto_rx v1.3.1"
2020-05-09 07:53:00,2020-05-09 07:53:00,48.77842,2.34234,76,34,12077.09,-5.8," t=-55.3C 400.996 MHz Type=M10 Radiosonde auto_rx v1.3.1"
2020-05-09 07:53:30,2020-05-09 07:53:30,48.78047,2.34796,65,86,11919.20,-5.5," t=-55.6C 400.996 MHz Type=M10 Radiosonde auto_rx v1.3.1"
2020-05-09 07:54:00,2020-05-09 07:54:00,48.78119,2.35275,46,48,11755.22,-5.5," t=-56.1C 400.996 MHz Type=M10 Radiosonde auto_rx v1.3.0"
2020-05-09 07:54:30,2020-05-09 07:54:30,48.78165,2.35859,76,99,11591.85,-6.3," t=-56.0C 400.996 MHz Type=M10 Radiosonde auto_rx v1.3.1"
2020-05-09 07:55:00,2020-05-09 07:55:00,48.78277,2.36540,76,46,11412.63,-6.0," t=-56.5C 400.995 MHz Type=M10 Radiosonde auto_rx v1.3.0"
2020-05-09 07:55:30,2020-05-09 07:55:30,48.78502,2.37256,61,81,11240.11,-5.5," t=-56.8C 400.996 MHz Type=M10 Radiosonde auto_rx v1.3.1"
2020-05-09 07:56:00,2020-05-09 07:56:00,48.78764,2.37853,74,41,11062.72,-6.0," t=-55.2C 400.995 MHz Type=M10 Radiosonde auto_rx v1.3.1"
2020-05-09 07:56:30,2020-05-09 07:56:30,48.78992,2.38472,61,96,10882.58,-7.3," t=-54.4C 400.995 MHz Type=M10 Radiosonde auto_rx v1.3.0"
2020-05-09 07:57:00,2020-05-09 07:57:00,48.79019,2.38985,43,64,10716.16,-5.7," t=-54.4C 400.995 MHz Type=M10 Radiosonde auto_rx v1.3.0"
2020-05-09 07:57:30,2020-05-09 07:57:30,48.78955,2.39674,81,111,10547.60,-5.5," t=-53.7C 400.995 MHz Type=M10 Radiosonde auto_rx v1.3.0"
2020-05-09 07:58:00,2020-05-09 07:58:00,48.78876,2.40344,46,78,10381.49,-5.6," t=-52.4C 400.995 MHz Type=M10 Radiosonde auto_rx v1.3.0"
2020-05-09 07:58:30,2020-05-09 07:58:30,48.78852,2.40674,70,77,10305.29,-5.4," t=-51.8C 400.995 MHz Type=M10 Radiosonde auto_rx v1.3.1"
2020-05-09 07:59:00,2020-05-09 07:59:00,48.78816,2.41326,85,98,10161.12,-5.1," t=-50.8C 400.995 MHz Type=M10 Radiosonde auto_rx v1.3.1"
2020-05-09 07:59:30,2020-05-09 07:59:30,48.78764,2.42567,85,102,9901.12,-5.1," t=-48.7C 400.995 MHz Type=M10 Radiosonde auto_rx v1.3.0"
2020-05-09 08:00:00,2020-05-09 08:00:00,48.78742,2.43316,48,74,9749.64,-5.0," t=-47.3C 400.995 MHz Type=M10 Radiosonde auto_rx v1.3.1"
2020-05-09 08:00:30,2020-05-09 08:00:30,48.78760,2.44089,85,98,9598.76,-5.0," t=-45.9C 400.996 MHz Type=M10 Radiosonde auto_rx v1.2.2"
2020-05-09 08:01:00,2020-05-09 08:01:00,48.78746,2.44807,46,76,9459.47,-4.7," t=-44.6C 400.995 MHz Type=M10 Radiosonde auto_rx v1.3.0"
2020-05-09 08:01:30,2020-05-09 08:01:30,48.78764,2.45533,78,99,9323.53,-4.4," t=-43.3C 400.996 MHz Type=M10 Radiosonde auto_rx v1.2.2"
2020-05-09 08:02:00,2020-05-09 08:02:00,48.78730,2.46185,43,78,9192.16,-4.3," t=-42.1C 400.996 MHz Type=M10 Radiosonde auto_rx v1.2.2"
2020-05-09 08:02:30,2020-05-09 08:02:30,48.78710,2.46848,72,108,9061.09,-3.6," t=-41.2C 400.995 MHz Type=M10 Radiosonde auto_rx v1.3.0"
2020-05-09 08:03:00,2020-05-09 08:03:00,48.78657,2.47477,46,75,8926.98,-4.5," t=-39.9C 400.996 MHz Type=M10 Radiosonde auto_rx v1.3.0"
2020-05-09 08:03:30,2020-05-09 08:03:30,48.78651,2.48134,72,100,8795.92,-4.5," t=-39.1C 400.996 MHz Type=M10 Radiosonde auto_rx v1.2.2"
2020-05-09 08:04:00,2020-05-09 08:04:00,48.78652,2.48744,44,68,8656.62,-4.5," t=-38.2C 400.996 MHz Type=M10 Radiosonde auto_rx v1.2.2"
2020-05-09 08:04:30,2020-05-09 08:04:30,48.78662,2.49284,67,90,8536.53,-4.8," t=-37.1C 400.996 MHz Type=M10 Radiosonde auto_rx v1.3.1"
2020-05-09 08:05:00,2020-05-09 08:05:00,48.78621,2.49839,31,69,8394.50,-4.6," t=-36.0C 400.996 MHz Type=M10 Radiosonde auto_rx v1.2.2"
2020-05-09 08:05:30,2020-05-09 08:05:30,48.78640,2.50383,63,98,8260.69,-4.3," t=-34.9C 400.996 MHz Type=M10 Radiosonde auto_rx v1.3.0"
2020-05-09 08:06:00,2020-05-09 08:06:00,48.78652,2.50919,30,86,8127.80,-4.8," t=-34.2C 400.996 MHz Type=M10 Radiosonde auto_rx v1.3.0"
2020-05-09 08:06:30,2020-05-09 08:06:30,48.78729,2.51450,63,64,7999.78,-4.1," t=-33.5C 400.996 MHz Type=M10 Radiosonde auto_rx v1.3.0"
2020-05-09 08:07:00,2020-05-09 08:07:00,48.78806,2.51981,50,99,7872.98,-4.4," t=-32.3C 400.996 MHz Type=M10 Radiosonde auto_rx v1.3.0"
2020-05-09 08:07:30,2020-05-09 08:07:30,48.78880,2.52464,30,55,7745.88,-4.4," t=-31.1C 400.996 MHz Type=M10 Radiosonde auto_rx v1.3.0"
2020-05-09 08:08:00,2020-05-09 08:08:00,48.78964,2.52946,57,68,7618.17,-4.3," t=-29.9C 400.997 MHz Type=M10 Radiosonde auto_rx v1.3.0"
2020-05-09 08:08:30,2020-05-09 08:08:30,48.78975,2.53121,44,56,7573.37,-4.3," t=-29.5C 400.997 MHz Type=M10 Radiosonde auto_rx v1.3.1"
2020-05-09 08:09:00,2020-05-09 08:09:00,48.79065,2.53929,37,55,7363.97,-4.3," t=-27.8C 400.997 MHz Type=M10 Radiosonde auto_rx v1.3.1"
2020-05-09 08:09:30,2020-05-09 08:09:30,48.79137,2.54418,57,73,7241.74,-4.1," t=-26.8C 400.997 MHz Type=M10 Radiosonde auto_rx v1.3.0"
2020-05-09 08:10:00,2020-05-09 08:10:00,48.79164,2.54650,54,90,7179.56,-4.0," t=-26.3C 400.997 MHz Type=M10 Radiosonde auto_rx v1.3.1"
2020-05-09 08:10:30,2020-05-09 08:10:30,48.79213,2.55298,22,81,6991.50,-4.3," t=-24.7C 400.997 MHz Type=M10 Radiosonde auto_rx v1.3.0"
2020-05-09 08:11:00,2020-05-09 08:11:00,48.79265,2.55723,48,63,6870.50,-4.2," t=-23.6C 400.997 MHz Type=M10 Radiosonde auto_rx v1.3.0"
2020-05-09 08:11:30,2020-05-09 08:11:30,48.79317,2.56159,50,92,6755.89,-3.9," t=-22.5C 400.997 MHz Type=M10 Radiosonde auto_rx v1.3.0"
2020-05-09 08:12:00,2020-05-09 08:12:00,48.79351,2.56568,28,113,6635.80,-3.8," t=-21.5C 400.997 MHz Type=M10 Radiosonde auto_rx v1.3.0"
2020-05-09 08:12:30,2020-05-09 08:12:30,48.79402,2.56940,33,51,6520.59,-4.0," t=-20.7C 400.997 MHz Type=M10 Radiosonde auto_rx v1.3.0"
2020-05-09 08:13:00,2020-05-09 08:13:00,48.79467,2.57350,50,67,6406.90,-3.7," t=-20.4C 400.997 MHz Type=M10 Radiosonde auto_rx v1.3.0"
2020-05-09 08:13:30,2020-05-09 08:13:30,48.79528,2.57724,39,98,6298.08,-3.7," t=-19.4C 400.997 MHz Type=M10 Radiosonde auto_rx v1.3.0"
2020-05-09 08:14:00,2020-05-09 08:14:00,48.79583,2.58032,9,71,6189.57,-3.5," t=-18.5C 400.998 MHz Type=M10 Radiosonde auto_rx v1.3.0"
2020-05-09 08:14:30,2020-05-09 08:14:30,48.79635,2.58321,35,51,6084.42,-3.7," t=-17.7C 400.998 MHz Type=M10 Radiosonde auto_rx v1.3.0"
2020-05-09 08:15:00,2020-05-09 08:15:05,48.79669,2.58658,43,100,5979.87,-3.4," t=-17.1C 400.998 MHz Type=M10 Radiosonde auto_rx v1.3.1"
2020-05-09 08:15:30,2020-05-09 08:15:30,48.79672,2.59020,22,115,5877.15,-3.6," t=-16.3C 400.998 MHz Type=M10 Radiosonde auto_rx v1.3.0"
2020-05-09 08:16:00,2020-05-09 08:16:00,48.79676,2.59388,30,61,5772.00,-3.6," t=-15.6C 400.998 MHz Type=M10 Radiosonde auto_rx v1.3.0"
2020-05-09 08:16:30,2020-05-09 08:16:30,48.79697,2.59740,43,77,5665.01,-3.7," t=-14.8C 400.998 MHz Type=M10 Radiosonde auto_rx v1.3.1"
2020-05-09 08:17:00,2020-05-09 08:17:00,48.79717,2.60067,31,111,5555.59,-3.7," t=-13.8C 400.998 MHz Type=M10 Radiosonde auto_rx v1.3.1"
2020-05-09 08:17:30,2020-05-09 08:17:30,48.79755,2.60374,15,56,5447.08,-3.7," t=-13.1C 400.998 MHz Type=M10 Radiosonde auto_rx v1.3.1"
2020-05-09 08:18:00,2020-05-09 08:18:00,48.79845,2.60695,43,50,5341.92,-3.4," t=-12.4C 400.998 MHz Type=M10 Radiosonde auto_rx v1.3.1"
2020-05-09 08:18:30,2020-05-09 08:18:30,48.79955,2.61022,43,78,5237.38,-3.6," t=-11.9C 400.999 MHz Type=M10 Radiosonde auto_rx v1.3.1"
2020-05-09 08:19:00,2020-05-09 08:19:00,48.80090,2.61312,15,51,5132.53,-3.5," t=-11.6C 400.999 MHz Type=M10 Radiosonde auto_rx v1.3.1"
2020-05-09 08:19:30,2020-05-09 08:19:30,48.80255,2.61521,37,19,5025.24,-3.5," t=-12.5C 400.999 MHz Type=M10 Radiosonde auto_rx v1.3.1"
2020-05-09 08:20:00,2020-05-09 08:20:00,48.80403,2.61660,35,38,4917.64,-3.4," t=-11.8C 400.998 MHz Type=M10 Radiosonde auto_rx v1.3.0"
2020-05-09 08:20:30,2020-05-09 08:20:30,48.80523,2.61773,22,75,4800.60,-4.5," t=-10.8C 400.999 MHz Type=M10 Radiosonde auto_rx v1.3.1"
2020-05-09 08:21:00,2020-05-09 08:21:00,48.80623,2.61913,13,96,4686.00,-3.4," t=-9.7C 400.999 MHz Type=M10 Radiosonde auto_rx v1.3.0"
2020-05-09 08:21:30,2020-05-09 08:21:30,48.80725,2.62038,0,45,4593.64,-2.8," t=-9.0C 400.999 MHz Type=M10 Radiosonde auto_rx v1.3.0"
2020-05-09 08:22:00,2020-05-09 08:22:00,48.80818,2.62114,13,319,4500.37,-3.0," t=-8.3C 400.999 MHz Type=M10 Radiosonde auto_rx v1.3.1"
2020-05-09 08:22:30,2020-05-09 08:22:30,48.80915,2.62142,26,350,4411.07,-2.9," t=-7.4C 400.999 MHz Type=M10 Radiosonde auto_rx v1.3.0"
2020-05-09 08:23:00,2020-05-09 08:23:00,48.81023,2.62188,28,15,4323.59,-2.9," t=-6.8C 400.999 MHz Type=M10 Radiosonde auto_rx v1.3.0"
2020-05-09 08:23:30,2020-05-09 08:23:30,48.81129,2.62247,26,44,4242.21,-2.8," t=-6.4C 400.999 MHz Type=M10 Radiosonde auto_rx v1.3.0"
2020-05-09 08:24:00,2020-05-09 08:24:00,48.81259,2.62333,30,50,4164.18,-2.5," t=-6.0C 400.999 MHz Type=M10 Radiosonde auto_rx v1.3.0"
2020-05-09 08:24:30,2020-05-09 08:24:30,48.81400,2.62435,26,56,4088.59,-2.9," t=-5.6C 400.999 MHz Type=M10 Radiosonde auto_rx v1.3.1"
2020-05-09 08:25:00,2020-05-09 08:25:00,48.81547,2.62534,24,57,4005.07,-2.6," t=-5.1C 400.999 MHz Type=M10 Radiosonde auto_rx v1.3.0"
2020-05-09 08:25:30,2020-05-09 08:25:30,48.81690,2.62633,24,60,3918.51,-2.9," t=-4.6C 400.999 MHz Type=M10 Radiosonde auto_rx v1.3.1"
2020-05-09 08:26:00,2020-05-09 08:26:00,48.81830,2.62727,30,52,3837.43,-2.8," t=-4.2C 400.999 MHz Type=M10 Radiosonde auto_rx v1.3.1"
2020-05-09 08:26:30,2020-05-09 08:26:30,48.81971,2.62853,20,68,3754.22,-2.7," t=-3.8C 400.999 MHz Type=M10 Radiosonde auto_rx v1.3.1"
2020-05-09 08:27:00,2020-05-09 08:27:00,48.82090,2.62972,19,78,3675.58,-2.7," t=-3.5C 400.999 MHz Type=M10 Radiosonde auto_rx v1.3.1"
2020-05-09 08:27:30,2020-05-09 08:27:30,48.82201,2.63077,15,78,3598.16,-2.7," t=-2.8C 400.999 MHz Type=M10 Radiosonde auto_rx v1.3.1"
2020-05-09 08:28:00,2020-05-09 08:28:00,48.82305,2.63161,4,61,3512.21,-2.9," t=-2.3C 400.999 MHz Type=M10 Radiosonde auto_rx v1.3.1"
2020-05-09 08:28:30,2020-05-09 08:28:30,48.82427,2.63242,4,359,3428.70,-2.7," t=-1.6C 400.999 MHz Type=M10 Radiosonde auto_rx v1.3.1"
2020-05-09 08:29:00,2020-05-09 08:29:00,48.82557,2.63323,17,339,3348.53,-2.6," t=-1.1C 401.000 MHz Type=M10 Radiosonde auto_rx v1.3.0"
2020-05-09 08:29:30,2020-05-09 08:29:30,48.82665,2.63412,4,44,3283.31,-2.9," t=-0.9C 400.999 MHz Type=M10 Radiosonde auto_rx v1.3.1"
2020-05-09 08:30:00,2020-05-09 08:30:00,48.82798,2.63486,28,22,3183.94,-2.8," t=-0.4C 401.000 MHz Type=M10 Radiosonde auto_rx v1.3.0"
2020-05-09 08:30:30,2020-05-09 08:30:30,48.82910,2.63566,28,47,3100.12,-2.5," t=-0.1C 401.000 MHz Type=M10 Radiosonde auto_rx v1.3.1"
2020-05-09 08:31:00,2020-05-09 08:31:00,48.83027,2.63668,13,69,3017.22,-2.8," t=0.3C 401.000 MHz Type=M10 Radiosonde auto_rx v1.3.0"
2020-05-09 08:31:30,2020-05-09 08:31:30,48.83161,2.63778,7,31,2931.57,-2.8," t=0.4C 401.000 MHz Type=M10 Radiosonde auto_rx v1.3.0"
2020-05-09 08:32:00,2020-05-09 08:32:00,48.83226,2.63829,15,69,2894.99,-2.9," t=0.4C 401.000 MHz Type=M10 Radiosonde auto_rx v1.3.1"
2020-05-09 08:32:30,2020-05-09 08:32:30,48.83452,2.64002,33,31,2761.18,-2.9," t=2.0C 401.000 MHz Type=M10 Radiosonde auto_rx v1.3.0"
2020-05-09 08:33:00,2020-05-09 08:33:00,48.83572,2.64124,17,68,2675.23,-2.6," t=2.3C 401.000 MHz Type=M10 Radiosonde auto_rx v1.3.0"
2020-05-09 08:33:30,2020-05-09 08:33:30,48.83679,2.64161,9,298,2597.51,-2.2," t=2.9C 401.000 MHz Type=M10 Radiosonde auto_rx v1.3.0"
2020-05-09 08:34:00,2020-05-09 08:34:00,48.83793,2.64159,22,335,2514.30,-2.8," t=3.3C 401.000 MHz Type=M10 Radiosonde auto_rx v1.3.0"
2020-05-09 08:34:30,2020-05-09 08:34:30,48.83902,2.64194,24,18,2431.39,-2.7," t=3.9C 401.000 MHz Type=M10 Radiosonde auto_rx v1.3.0"
2020-05-09 08:35:00,2020-05-09 08:35:00,48.83994,2.64229,19,45,2346.96,-2.7," t=4.3C 401.000 MHz Type=M10 Radiosonde auto_rx v1.3.0"
2020-05-09 08:35:30,2020-05-09 08:35:30,48.84083,2.64225,6,75,2266.49,-2.6," t=4.7C 401.000 MHz Type=M10 Radiosonde auto_rx v1.3.0"
2020-05-09 08:36:00,2020-05-09 08:36:00,48.84167,2.64212,6,268,2184.50,-2.6," t=5.3C 401.000 MHz Type=M10 Radiosonde auto_rx v1.3.0"
2020-05-09 08:36:30,2020-05-09 08:36:30,48.84253,2.64192,15,312,2103.12,-2.7," t=5.7C 401.000 MHz Type=M10 Radiosonde auto_rx v1.3.0"
2020-05-09 08:37:00,2020-05-09 08:37:00,48.84363,2.64202,22,332,2023.57,-2.6," t=6.2C 401.000 MHz Type=M10 Radiosonde auto_rx v1.3.0"
2020-05-09 08:37:30,2020-05-09 08:37:30,48.84462,2.64214,24,344,1944.01,-2.7," t=6.7C 401.000 MHz Type=M10 Radiosonde auto_rx v1.3.0"
2020-05-09 08:38:00,2020-05-09 08:38:00,48.84563,2.64212,26,356,1859.89,-2.6," t=7.3C 401.000 MHz Type=M10 Radiosonde auto_rx v1.3.0"
2020-05-09 08:38:31,2020-05-09 08:38:31,48.84665,2.64214,22,1,1778.20,-2.8," t=7.8C 401.000 MHz Type=M10 Radiosonde auto_rx v1.3.0"
2020-05-09 08:39:00,2020-05-09 08:39:00,48.84755,2.64217,20,34,1695.60,-2.6," t=8.3C 401.000 MHz Type=M10 Radiosonde auto_rx v1.3.0"
2020-05-09 08:39:30,2020-05-09 08:39:30,48.84837,2.64216,20,35,1618.18,-2.6," t=8.8C 401.000 MHz Type=M10 Radiosonde auto_rx v1.3.0"
2020-05-09 08:40:00,2020-05-09 08:40:00,48.84930,2.64235,9,68,1534.97,-2.7," t=9.1C 401.000 MHz Type=M10 Radiosonde auto_rx v1.3.0"
2020-05-09 08:40:30,2020-05-09 08:40:30,48.84997,2.64254,6,157,1457.25,-2.5," t=9.6C 401.000 MHz Type=M10 Radiosonde auto_rx v1.3.0"
2020-05-09 08:41:00,2020-05-09 08:41:00,48.85025,2.64258,13,246,1379.22,-2.6," t=10.2C 401.000 MHz Type=M10 Radiosonde auto_rx v1.3.0"
2020-05-09 08:41:30,2020-05-09 08:41:30,48.85038,2.64254,13,271,1303.32,-2.7," t=10.7C 401.000 MHz Type=M10 Radiosonde auto_rx v1.3.0"
2020-05-09 08:42:00,2020-05-09 08:42:00,48.85031,2.64248,11,296,1228.34,-2.5," t=11.1C 401.000 MHz Type=M10 Radiosonde auto_rx v1.3.0"
2020-05-09 08:42:30,2020-05-09 08:42:30,48.85018,2.64240,13,312,1155.50,-2.3," t=11.7C 401.000 MHz Type=M10 Radiosonde auto_rx v1.3.0"
2020-05-09 08:43:00,2020-05-09 08:43:00,48.85024,2.64215,15,309,1081.74,-2.4," t=12.1C 401.000 MHz Type=M10 Radiosonde auto_rx v1.3.0"
2020-05-09 08:43:30,2020-05-09 08:43:30,48.85039,2.64185,15,308,1007.97,-2.3," t=12.4C 401.000 MHz Type=M10 Radiosonde auto_rx v1.3.0"
2020-05-09 08:44:00,2020-05-09 08:44:00,48.85059,2.64155,13,278,936.96,-2.3," t=13.0C 401.000 MHz Type=M10 Radiosonde auto_rx v1.3.0"
2020-05-09 08:44:30,2020-05-09 08:44:30,48.85096,2.64130,9,230,867.46,-2.3," t=13.6C 401.000 MHz Type=M10 Radiosonde auto_rx v1.3.0"
2020-05-09 08:45:00,2020-05-09 08:45:00,48.85139,2.64058,4,73,798.58,-2.4," t=14.5C 401.000 MHz Type=M10 Radiosonde auto_rx v1.3.0"
2020-05-09 08:45:30,2020-05-09 08:45:30,48.85169,2.63951,9,5,723.90,-2.5," t=15.0C 401.000 MHz Type=M10 Radiosonde auto_rx v1.3.0"
2020-05-09 08:46:00,2020-05-09 08:46:00,48.85191,2.63848,17,328,650.44,-2.4," t=15.4C 401.000 MHz Type=M10 Radiosonde auto_rx v1.3.0"
2020-05-09 08:46:30,2020-05-09 08:46:30,48.85210,2.63746,20,287,578.51,-2.4," t=15.9C 401.000 MHz Type=M10 Radiosonde auto_rx v1.3.0"
2020-05-09 08:47:00,2020-05-09 08:47:00,48.85242,2.63664,13,242,508.10,-2.3," t=16.5C 401.000 MHz Type=M10 Radiosonde auto_rx v1.3.0"
2020-05-09 08:47:30,2020-05-09 08:47:30,48.85288,2.63569,0,26,440.44,-2.2," t=16.7C 401.000 MHz Type=M10 Radiosonde auto_rx v1.3.0"
2020-05-09 08:48:00,2020-05-09 08:48:00,48.85347,2.63493,17,22,371.55,-2.3," t=16.8C 401.000 MHz Type=M10 Radiosonde auto_rx v1.3.0"
2020-05-09 08:48:31,2020-05-09 08:48:31,48.85398,2.63438,20,319,305.71,-2.4," t=16.6C 401.000 MHz Type=M10 Radiosonde auto_rx v1.3.0"
2020-05-09 08:49:00,2020-05-09 08:49:00,48.85469,2.63377,13,260,236.22,-2.3," t=17.1C 401.000 MHz Type=M10 Radiosonde auto_rx v1.3.0"
2020-05-09 08:49:30,2020-05-09 08:49:30,48.85485,2.63332,22,329,219.15,-2.4," t=17.3C 401.000 MHz Type=M10 Radiosonde auto_rx v1.3.0"
