time,lasttime,lat,lng,speed,course,altitude,comment
2020-05-09 05:18:35,2020-05-09 05:18:35,53.00311,-1.24822,2,334,1217.98,"Clb=5.7m/s t=-273.0C 404.201 MHz Type=RS41-SG Radiosonde auto_rx v1.3.1"
2020-05-09 05:19:05,2020-05-09 05:19:05,53.00326,-1.24633,22,105,1369.16,"Clb=4.4m/s t=8.1C 404.201 MHz Type=RS41-SG Radiosonde auto_rx v1.3.1"
2020-05-09 05:19:35,2020-05-09 05:19:35,53.00280,-1.24496,20,121,1516.99,"Clb=5.0m/s t=7.2C 404.201 MHz Type=RS41-SG Radiosonde auto_rx v1.3.1"
2020-05-09 05:20:05,2020-05-09 05:20:05,53.00285,-1.24296,9,82,1670.00,"Clb=5.0m/s t=6.5C 404.201 MHz Type=RS41-SG Radiosonde auto_rx v1.3.1"
2020-05-09 05:20:35,2020-05-09 05:20:35,53.00333,-1.24190,17,60,1824.53,"Clb=4.7m/s t=5.3C 404.201 MHz Type=RS41-SG Radiosonde auto_rx v1.3.1"
2020-05-09 05:21:05,2020-05-09 05:21:05,53.00335,-1.24044,17,101,1994.92,"Clb=5.0m/s t=3.7C 404.201 MHz Type=RS41-SG Radiosonde auto_rx v1.3.1"
2020-05-09 05:21:35,2020-05-09 05:21:35,53.00295,-1.23874,22,129,2157.68,"Clb=4.4m/s t=2.4C 404.201 MHz Type=RS41-SG Radiosonde auto_rx v1.3.1"
2020-05-09 05:22:05,2020-05-09 05:22:05,53.00290,-1.23686,15,147,2310.08,"Clb=4.0m/s t=1.4C 404.201 MHz Type=RS41-SG Radiosonde auto_rx v1.3.1"
2020-05-09 05:22:35,2020-05-09 05:22:35,53.00279,-1.23569,20,81,2469.49,"Clb=4.9m/s t=0.2C 404.201 MHz Type=RS41-SG Radiosonde auto_rx v1.3.1"
2020-05-09 05:23:05,2020-05-09 05:23:05,53.00300,-1.23354,15,134,2624.94,"Clb=6.1m/s t=-1.2C 404.201 MHz Type=RS41-SG Radiosonde auto_rx v1.3.1"
2020-05-09 05:24:35,2020-05-09 05:24:35,53.00232,-1.22649,7,159,3105.30,"Clb=5.7m/s t=-4.2C 404.201 MHz Type=RS41-SG Radiosonde auto_rx v1.3.1"
2020-05-09 05:25:05,2020-05-09 05:25:05,53.00205,-1.22476,11,44,3280.87,"Clb=7.7m/s t=-4.8C 404.201 MHz Type=RS41-SG Radiosonde auto_rx v1.3.1"
2020-05-09 05:25:35,2020-05-09 05:25:35,53.00216,-1.22287,11,14,3443.33,"Clb=5.7m/s t=-5.6C 404.201 MHz Type=RS41-SG Radiosonde auto_rx v1.3.1"
2020-05-09 05:26:05,2020-05-09 05:26:05,53.00252,-1.22115,9,120,3601.52,"Clb=5.1m/s t=-6.5C 404.201 MHz Type=RS41-SG Radiosonde auto_rx v1.3.1"
2020-05-09 05:26:35,2020-05-09 05:26:35,53.00322,-1.21949,17,87,3770.99,"Clb=7.8m/s t=-7.2C 404.201 MHz Type=RS41-SG Radiosonde auto_rx v1.3.1"
2020-05-09 05:27:05,2020-05-09 05:27:05,53.00393,-1.21670,26,62,3931.92,"Clb=6.5m/s t=-8.0C 404.201 MHz Type=RS41-SG Radiosonde auto_rx v1.3.1"
2020-05-09 05:27:35,2020-05-09 05:27:35,53.00404,-1.21344,30,58,4099.56,"Clb=5.8m/s t=-9.4C 404.201 MHz Type=RS41-SG Radiosonde auto_rx v1.3.1"
2020-05-09 05:28:05,2020-05-09 05:28:05,53.00422,-1.21039,13,62,4260.80,"Clb=5.6m/s t=-10.2C 404.201 MHz Type=RS41-SG Radiosonde auto_rx v1.3.1"
2020-05-09 05:28:35,2020-05-09 05:28:35,53.00406,-1.20776,20,101,4421.43,"Clb=6.8m/s t=-11.0C 404.201 MHz Type=RS41-SG Radiosonde auto_rx v1.3.1"
2020-05-09 05:29:05,2020-05-09 05:29:05,53.00380,-1.20494,7,130,4584.80,"Clb=6.1m/s t=-12.0C 404.201 MHz Type=RS41-SG Radiosonde auto_rx v1.3.1"
2020-05-09 05:29:35,2020-05-09 05:29:35,53.00347,-1.20275,26,86,4736.59,"Clb=3.7m/s t=-13.2C 404.201 MHz Type=RS41-SG Radiosonde auto_rx v1.3.1"
2020-05-09 05:30:05,2020-05-09 05:30:05,53.00376,-1.20020,15,77,4891.43,"Clb=7.2m/s t=-14.7C 404.201 MHz Type=RS41-SG Radiosonde auto_rx v1.3.1"
2020-05-09 05:30:35,2020-05-09 05:30:35,53.00451,-1.19784,26,65,5048.71,"Clb=3.9m/s t=-16.0C 404.201 MHz Type=RS41-SG Radiosonde auto_rx v1.3.1"
2020-05-09 05:31:05,2020-05-09 05:31:05,53.00517,-1.19404,39,89,5213.91,"Clb=5.9m/s t=-15.8C 404.201 MHz Type=RS41-SG Radiosonde auto_rx v1.3.1"
2020-05-09 05:31:35,2020-05-09 05:31:35,53.00581,-1.19038,41,61,5386.43,"Clb=6.9m/s t=-17.2C 404.201 MHz Type=RS41-SG Radiosonde auto_rx v1.3.1"
2020-05-09 05:32:05,2020-05-09 05:32:05,53.00659,-1.18722,20,33,5553.76,"Clb=7.4m/s t=-18.5C 404.201 MHz Type=RS41-SG Radiosonde auto_rx v1.3.1"
2020-05-09 05:33:05,2020-05-09 05:33:05,53.00730,-1.18219,20,86,5865.27,"Clb=6.8m/s t=-21.1C 404.201 MHz Type=RS41-SG Radiosonde auto_rx v1.3.1"
2020-05-09 05:33:35,2020-05-09 05:33:35,53.00763,-1.17940,15,68,6026.81,"Clb=4.9m/s t=-22.0C 404.201 MHz Type=RS41-SG Radiosonde auto_rx v1.3.1"
2020-05-09 05:34:05,2020-05-09 05:34:05,53.00791,-1.17767,24,75,6193.54,"Clb=7.2m/s t=-22.9C 404.201 MHz Type=RS41-SG Radiosonde auto_rx v1.3.1"
2020-05-09 05:34:35,2020-05-09 05:34:35,53.00789,-1.17635,7,134,6355.38,"Clb=6.3m/s t=-23.9C 404.201 MHz Type=RS41-SG Radiosonde auto_rx v1.3.1"
2020-05-09 05:35:06,2020-05-09 05:35:06,53.00798,-1.17412,22,82,6521.50,"Clb=7.3m/s t=-24.5C 404.201 MHz Type=RS41-SG Radiosonde auto_rx v1.3.1"
2020-05-09 05:35:30,2020-05-09 05:35:30,53.00769,-1.17247,19,142,6677.86,"Clb=3.1m/s t=-25.8C 404.201 MHz Type=RS41-SG Radiosonde auto_rx v1.3.0"
2020-05-09 05:35:35,2020-05-09 05:35:35,53.00761,-1.17235,19,132,6687.31,"Clb=5.2m/s t=-25.9C 404.201 MHz Type=RS41-SG Radiosonde auto_rx v1.3.1"
2020-05-09 05:36:05,2020-05-09 05:36:05,53.00770,-1.17044,17,94,6857.09,"Clb=7.6m/s t=-27.4C 404.201 MHz Type=RS41-SG Radiosonde auto_rx v1.3.1"
2020-05-09 05:36:35,2020-05-09 05:36:35,53.00795,-1.16860,17,64,7036.92,"Clb=5.8m/s t=-28.3C 404.201 MHz Type=RS41-SG Radiosonde auto_rx v1.3.1"
2020-05-09 05:37:05,2020-05-09 05:37:05,53.00861,-1.16713,26,42,7210.65,"Clb=5.8m/s t=-30.0C 404.201 MHz Type=RS41-SG Radiosonde auto_rx v1.3.1"
2020-05-09 05:37:35,2020-05-09 05:37:35,53.00923,-1.16558,22,52,7377.07,"Clb=4.2m/s t=-31.5C 404.201 MHz Type=RS41-SG Radiosonde auto_rx v1.3.1"
2020-05-09 05:38:00,2020-05-09 05:38:00,53.00955,-1.16449,7,119,7511.49,"Clb=7.3m/s t=-32.8C 404.201 MHz Type=RS41-SG Radiosonde auto_rx v1.3.0"
2020-05-09 05:38:05,2020-05-09 05:38:05,53.00956,-1.16398,26,68,7554.47,"Clb=7.8m/s t=-33.1C 404.201 MHz Type=RS41-SG Radiosonde auto_rx v1.3.1"
2020-05-09 05:38:35,2020-05-09 05:38:35,53.00960,-1.16154,26,83,7738.26,"Clb=7.3m/s t=-34.6C 404.201 MHz Type=RS41-SG Radiosonde auto_rx v1.3.1"
2020-05-09 05:39:05,2020-05-09 05:39:05,53.00956,-1.15902,15,74,7918.70,"Clb=3.6m/s t=-36.2C 404.201 MHz Type=RS41-SG Radiosonde auto_rx v1.3.1"
2020-05-09 05:39:35,2020-05-09 05:39:35,53.00933,-1.15636,26,86,8098.54,"Clb=4.5m/s t=-37.8C 404.201 MHz Type=RS41-SG Radiosonde auto_rx v1.3.1"
2020-05-09 05:40:05,2020-05-09 05:40:05,53.00924,-1.15352,28,81,8264.35,"Clb=5.9m/s t=-39.3C 404.201 MHz Type=RS41-SG Radiosonde auto_rx v1.3.1"
2020-05-09 05:40:35,2020-05-09 05:40:35,53.00937,-1.15017,35,75,8447.53,"Clb=6.4m/s t=-40.8C 404.201 MHz Type=RS41-SG Radiosonde auto_rx v1.3.1"
2020-05-09 05:41:05,2020-05-09 05:41:05,53.00948,-1.14587,35,83,8582.25,"Clb=4.0m/s t=-41.8C 404.201 MHz Type=RS41-SG Radiosonde auto_rx v1.3.1"
2020-05-09 05:41:30,2020-05-09 05:41:30,53.00964,-1.14148,37,87,8730.08,"Clb=5.8m/s t=-43.1C 404.201 MHz Type=RS41-SG Radiosonde auto_rx v1.3.0"
2020-05-09 05:41:35,2020-05-09 05:41:35,53.00964,-1.14120,30,93,8739.23,"Clb=5.1m/s t=-43.2C 404.201 MHz Type=RS41-SG Radiosonde auto_rx v1.3.1"
2020-05-09 05:42:00,2020-05-09 05:42:00,53.00966,-1.14076,41,85,8757.82,"Clb=6.6m/s t=-43.4C 404.201 MHz Type=RS41-SG Radiosonde auto_rx v1.3.0"
2020-05-09 05:42:05,2020-05-09 05:42:05,53.00991,-1.13676,31,88,8885.83,"Clb=5.3m/s t=-44.5C 404.201 MHz Type=RS41-SG Radiosonde auto_rx v1.3.1"
2020-05-09 05:42:30,2020-05-09 05:42:35,53.01022,-1.13230,41,106,9057.74,"Clb=8.4m/s t=-45.7C 404.201 MHz Type=RS41-SG Radiosonde auto_rx v1.3.1"
2020-05-09 05:43:05,2020-05-09 05:43:05,53.01050,-1.12743,46,78,9218.07,"Clb=4.9m/s t=-47.0C 404.201 MHz Type=RS41-SG Radiosonde auto_rx v1.3.1"
2020-05-09 05:44:05,2020-05-09 05:44:05,53.01132,-1.11778,48,93,9537.80,"Clb=5.7m/s t=-49.7C 404.201 MHz Type=RS41-SG Radiosonde auto_rx v1.3.1"
2020-05-09 05:44:30,2020-05-09 05:44:30,53.01150,-1.11425,44,71,9639.30,"Clb=5.3m/s t=-50.2C 404.201 MHz Type=RS41-SG Radiosonde auto_rx v1.3.0"
2020-05-09 05:44:35,2020-05-09 05:44:35,53.01166,-1.11165,57,94,9706.97,"Clb=3.7m/s t=-50.8C 404.201 MHz Type=RS41-SG Radiosonde auto_rx v1.3.1"
2020-05-09 05:45:35,2020-05-09 05:45:35,53.01128,-1.09793,67,92,9981.90,"Clb=6.1m/s t=-52.7C 404.201 MHz Type=RS41-SG Radiosonde auto_rx v1.3.1"
2020-05-09 05:46:05,2020-05-09 05:46:05,53.01096,-1.09030,61,97,10141.31,"Clb=6.1m/s t=-54.0C 404.201 MHz Type=RS41-SG Radiosonde auto_rx v1.3.1"
2020-05-09 05:46:35,2020-05-09 05:46:35,53.01068,-1.08267,61,94,10298.58,"Clb=5.8m/s t=-55.4C 404.202 MHz Type=RS41-SG Radiosonde auto_rx v1.3.1"
2020-05-09 05:47:00,2020-05-09 05:47:05,53.01043,-1.07459,63,95,10473.84,"Clb=5.4m/s t=-56.8C 404.202 MHz Type=RS41-SG Radiosonde auto_rx v1.3.1"
2020-05-09 05:47:30,2020-05-09 05:47:35,53.01051,-1.06630,67,84,10630.20,"Clb=7.1m/s t=-57.6C 404.202 MHz Type=RS41-SG Radiosonde auto_rx v1.3.1"
2020-05-09 05:48:00,2020-05-09 05:48:05,53.00972,-1.05832,61,101,10791.14,"Clb=4.0m/s t=-58.4C 404.202 MHz Type=RS41-SG Radiosonde auto_rx v1.3.1"
2020-05-09 05:48:30,2020-05-09 05:48:35,53.00929,-1.05155,54,89,10924.95,"Clb=3.4m/s t=-58.0C 404.202 MHz Type=RS41-SG Radiosonde auto_rx v1.3.1"
2020-05-09 05:49:00,2020-05-09 05:49:05,53.00958,-1.04385,69,79,11063.94,"Clb=4.7m/s t=-58.0C 404.202 MHz Type=RS41-SG Radiosonde auto_rx v1.3.1"
2020-05-09 05:49:35,2020-05-09 05:49:35,53.01053,-1.03574,76,82,11202.92,"Clb=4.9m/s t=-58.1C 404.202 MHz Type=RS41-SG Radiosonde auto_rx v1.3.1"
2020-05-09 05:50:00,2020-05-09 05:50:05,53.01100,-1.02701,67,93,11356.85,"Clb=5.2m/s t=-57.0C 404.202 MHz Type=RS41-SG Radiosonde auto_rx v1.3.1"
2020-05-09 05:50:30,2020-05-09 05:50:35,53.01117,-1.01967,59,87,11521.74,"Clb=4.2m/s t=-56.5C 404.202 MHz Type=RS41-SG Radiosonde auto_rx v1.3.1"
2020-05-09 05:51:00,2020-05-09 05:51:05,53.01162,-1.01203,67,84,11663.78,"Clb=4.8m/s t=-56.2C 404.202 MHz Type=RS41-SG Radiosonde auto_rx v1.3.1"
2020-05-09 05:51:30,2020-05-09 05:51:35,53.01199,-1.00477,44,79,11800.64,"Clb=3.5m/s t=-55.9C 404.202 MHz Type=RS41-SG Radiosonde auto_rx v1.3.1"
2020-05-09 05:52:00,2020-05-09 05:52:05,53.01304,-0.99752,63,83,11940.84,"Clb=4.9m/s t=-54.1C 404.202 MHz Type=RS41-SG Radiosonde auto_rx v1.3.1"
2020-05-09 05:52:35,2020-05-09 05:52:35,53.01378,-0.98850,70,80,12077.09,"Clb=6.0m/s t=-52.2C 404.202 MHz Type=RS41-SG Radiosonde auto_rx v1.3.1"
2020-05-09 05:53:00,2020-05-09 05:53:00,53.01440,-0.98074,61,79,12209.37,"Clb=5.2m/s t=-52.5C 404.201 MHz Type=RS41-SG Radiosonde auto_rx v1.3.0"
2020-05-09 05:53:05,2020-05-09 05:53:05,53.01443,-0.98048,63,78,12213.95,"Clb=4.0m/s t=-52.5C 404.202 MHz Type=RS41-SG Radiosonde auto_rx v1.3.1"
2020-05-09 05:53:35,2020-05-09 05:53:35,53.01515,-0.97270,63,86,12348.97,"Clb=4.0m/s t=-52.7C 404.202 MHz Type=RS41-SG Radiosonde auto_rx v1.3.1"
2020-05-09 05:54:01,2020-05-09 05:54:01,53.01587,-0.96477,59,85,12496.80,"Clb=5.2m/s Type=RS41 Details on http://radiosondy.info"
2020-05-09 05:54:17,2020-05-09 05:54:17,53.01613,-0.96065,63,88,12574.22,"Clb=4.9m/s Type=RS41 Details on http://radiosondy.info"
2020-05-09 05:54:30,2020-05-09 05:54:30,53.01639,-0.95760,57,81,12632.44,"Clb=5.6m/s t=-54.2C 404.201 MHz Type=RS41-SG Radiosonde auto_rx v1.3.0"
2020-05-09 05:54:49,2020-05-09 05:54:49,53.01654,-0.95281,59,86,12726.92,"Clb=5.8m/s Type=RS41 Details on http://radiosondy.info"
2020-05-09 05:55:05,2020-05-09 05:55:05,53.01664,-0.95029,56,89,12780.57,"Clb=5.2m/s t=-54.7C 404.202 MHz Type=RS41-SG Radiosonde auto_rx v1.3.1"
2020-05-09 05:55:35,2020-05-09 05:55:35,53.01691,-0.94324,57,85,12928.70,"Clb=4.7m/s t=-54.3C 404.202 MHz Type=RS41-SG Radiosonde auto_rx v1.3.1"
2020-05-09 05:55:54,2020-05-09 05:55:54,53.01714,-0.93697,59,89,13057.63,"Clb=5.1m/s Type=RS41-SG Details on http://radiosondy.info"
2020-05-09 05:56:00,2020-05-09 05:56:05,53.01715,-0.93575,59,88,13083.84,"Clb=5.4m/s t=-54.2C 404.202 MHz Type=RS41-SG Radiosonde auto_rx v1.3.1"
2020-05-09 05:56:26,2020-05-09 05:56:26,53.01757,-0.92944,56,78,13217.96,"Clb=4.2m/s t=-54.2C Type=RS41-SG Details on http://radiosondy.info"
2020-05-09 05:56:35,2020-05-09 05:56:35,53.01767,-0.92881,50,76,13231.37,"Clb=4.5m/s t=-54.6C 404.202 MHz Type=RS41-SG Radiosonde auto_rx v1.3.1"
2020-05-09 05:57:05,2020-05-09 05:57:05,53.01844,-0.92195,56,78,13375.23,"Clb=5.1m/s t=-54.2C 404.202 MHz Type=RS41-SG Radiosonde auto_rx v1.3.1"
2020-05-09 05:57:35,2020-05-09 05:57:35,53.01900,-0.91496,56,90,13522.76,"Clb=4.4m/s t=-53.3C 404.202 MHz Type=RS41-SG Radiosonde auto_rx v1.3.1"
2020-05-09 05:58:05,2020-05-09 05:58:05,53.01932,-0.90873,54,88,13670.28,"Clb=4.7m/s t=-53.5C 404.202 MHz Type=RS41-SG Radiosonde auto_rx v1.3.1"
2020-05-09 05:58:30,2020-05-09 05:58:35,53.01968,-0.90269,50,83,13819.63,"Clb=5.0m/s t=-53.0C 404.202 MHz Type=RS41-SG Radiosonde auto_rx v1.3.1"
2020-05-09 05:59:05,2020-05-09 05:59:05,53.02021,-0.89652,46,83,13963.50,"Clb=3.1m/s t=-52.2C 404.202 MHz Type=RS41-SG Radiosonde auto_rx v1.3.1"
2020-05-09 05:59:30,2020-05-09 05:59:30,53.02078,-0.89024,50,81,14109.80,"Clb=4.9m/s t=-52.5C 404.201 MHz Type=RS41-SG Radiosonde auto_rx v1.3.0"
2020-05-09 06:00:30,2020-05-09 06:00:35,53.02182,-0.87765,48,77,14403.02,"Clb=4.3m/s t=-52.5C 404.202 MHz Type=RS41-SG Radiosonde auto_rx v1.3.1"
2020-05-09 06:01:05,2020-05-09 06:01:05,53.02218,-0.87169,43,81,14556.03,"Clb=4.3m/s t=-52.7C 404.202 MHz Type=RS41-SG Radiosonde auto_rx v1.3.1"
2020-05-09 06:01:35,2020-05-09 06:01:35,53.02179,-0.86657,37,102,14715.74,"Clb=5.3m/s t=-53.0C 404.202 MHz Type=RS41-SG Radiosonde auto_rx v1.3.1"
2020-05-09 06:02:00,2020-05-09 06:02:00,53.02189,-0.86237,39,72,14869.36,"Clb=6.2m/s t=-53.2C 404.201 MHz Type=RS41-SG Radiosonde auto_rx v1.3.0"
2020-05-09 06:02:35,2020-05-09 06:02:35,53.02246,-0.85699,43,84,15026.34,"Clb=4.4m/s t=-52.3C 404.202 MHz Type=RS41-SG Radiosonde auto_rx v1.3.1"
2020-05-09 06:03:05,2020-05-09 06:03:05,53.02209,-0.85191,41,107,15176.30,"Clb=4.3m/s t=-51.8C 404.202 MHz Type=RS41-SG Radiosonde auto_rx v1.3.1"
2020-05-09 06:03:35,2020-05-09 06:03:35,53.02135,-0.84790,28,107,15330.53,"Clb=5.4m/s t=-52.0C 404.202 MHz Type=RS41-SG Radiosonde auto_rx v1.3.1"
2020-05-09 06:04:05,2020-05-09 06:04:05,53.02118,-0.84460,20,99,15488.11,"Clb=4.8m/s t=-52.5C 404.202 MHz Type=RS41-SG Radiosonde auto_rx v1.3.1"
2020-05-09 06:04:35,2020-05-09 06:04:35,53.02148,-0.84140,31,71,15639.90,"Clb=4.9m/s t=-52.3C 404.202 MHz Type=RS41-SG Radiosonde auto_rx v1.3.1"
2020-05-09 06:05:00,2020-05-09 06:05:00,53.02159,-0.83804,33,89,15781.02,"Clb=5.4m/s t=-52.5C 404.201 MHz Type=RS41-SG Radiosonde auto_rx v1.3.0"
2020-05-09 06:05:05,2020-05-09 06:05:05,53.02160,-0.83760,33,87,15796.87,"Clb=5.1m/s t=-52.6C 404.202 MHz Type=RS41-SG Radiosonde auto_rx v1.3.1"
2020-05-09 06:05:35,2020-05-09 06:05:35,53.02194,-0.83336,39,88,15955.67,"Clb=5.8m/s t=-53.0C 404.202 MHz Type=RS41-SG Radiosonde auto_rx v1.3.1"
2020-05-09 06:06:00,2020-05-09 06:06:00,53.02220,-0.82875,31,89,16104.72,"Clb=5.3m/s t=-52.4C 404.201 MHz Type=RS41-SG Radiosonde auto_rx v1.3.0"
2020-05-09 06:06:05,2020-05-09 06:06:05,53.02219,-0.82861,33,92,16109.29,"Clb=4.4m/s t=-52.4C 404.202 MHz Type=RS41-SG Radiosonde auto_rx v1.3.1"
2020-05-09 06:06:30,2020-05-09 06:06:35,53.02238,-0.82389,39,95,16267.18,"Clb=5.9m/s t=-52.3C 404.202 MHz Type=RS41-SG Radiosonde auto_rx v1.3.1"
2020-05-09 06:07:00,2020-05-09 06:07:00,53.02235,-0.81980,31,99,16413.78,"Clb=4.3m/s t=-52.4C 404.201 MHz Type=RS41-SG Radiosonde auto_rx v1.3.0"
2020-05-09 06:07:56,2020-05-09 06:07:56,53.02106,-0.81105,44,117,16706.39,"Clb=4.8m/s t=-51.8C Type=RS41-SG Details on http://radiosondy.info"
2020-05-09 06:08:05,2020-05-09 06:08:05,53.02094,-0.81064,39,115,16721.94,"Clb=4.3m/s t=-52.1C 404.202 MHz Type=RS41-SG Radiosonde auto_rx v1.3.1"
2020-05-09 06:08:28,2020-05-09 06:08:28,53.02029,-0.80712,30,105,16869.77,"Clb=6.0m/s t=-52.6C 404.20MHz Type=RS41-SG Details on http://radiosondy.info"
2020-05-09 06:08:35,2020-05-09 06:08:35,53.02027,-0.80700,28,98,16874.95,"Clb=4.8m/s t=-53.0C 404.202 MHz Type=RS41-SG Radiosonde auto_rx v1.3.1"
2020-05-09 06:09:00,2020-05-09 06:09:05,53.01995,-0.80409,24,98,17032.83,"Clb=5.0m/s t=-53.7C 404.202 MHz Type=RS41-SG Radiosonde auto_rx v1.3.1"
2020-05-09 06:09:30,2020-05-09 06:09:30,53.01985,-0.80088,39,100,17181.27,"Clb=5.6m/s t=-53.7C 404.201 MHz Type=RS41-SG Radiosonde auto_rx v1.3.0"
2020-05-09 06:09:35,2020-05-09 06:09:35,53.01983,-0.80058,35,93,17192.55,"Clb=5.2m/s t=-53.7C 404.202 MHz Type=RS41-SG Radiosonde auto_rx v1.3.1"
2020-05-09 06:09:48,2020-05-09 06:09:48,53.01983,-0.79781,35,94,17294.35,"Clb=4.2m/s t=-53.7C 404.20MHz Type=RS41-SG Details on http://radiosondy.info"
2020-05-09 06:10:04,2020-05-09 06:10:04,53.01967,-0.79592,30,105,17377.56,"Clb=4.7m/s t=-53.9C 404.20MHz Type=RS41-SG Details on http://radiosondy.info"
2020-05-09 06:10:20,2020-05-09 06:10:20,53.01943,-0.79421,26,116,17461.99,"Clb=4.7m/s t=-54.3C 404.20MHz Type=RS41-SG Details on http://radiosondy.info"
2020-05-09 06:10:35,2020-05-09 06:10:35,53.01934,-0.79345,22,71,17506.80,"Clb=5.0m/s t=-54.9C 404.202 MHz Type=RS41-SG Radiosonde auto_rx v1.3.1"
2020-05-09 06:10:52,2020-05-09 06:10:52,53.01943,-0.79123,24,104,17625.67,"Clb=6.6m/s t=-54.7C 404.20MHz Type=RS41-SG Details on http://radiosondy.info"
2020-05-09 06:11:00,2020-05-09 06:11:00,53.01928,-0.79058,24,106,17657.67,"Clb=4.6m/s t=-55.0C 404.201 MHz Type=RS41-SG Radiosonde auto_rx v1.3.0"
2020-05-09 06:11:05,2020-05-09 06:11:05,53.01926,-0.79048,24,100,17662.86,"Clb=6.1m/s t=-55.0C 404.202 MHz Type=RS41-SG Radiosonde auto_rx v1.3.1"
2020-05-09 06:11:24,2020-05-09 06:11:24,53.01896,-0.78739,30,106,17793.00,"Clb=4.4m/s t=-54.8C 404.20MHz Type=RS41-SG Details on http://radiosondy.info"
2020-05-09 06:11:30,2020-05-09 06:11:30,53.01888,-0.78687,20,99,17818.30,"Clb=3.9m/s t=-55.1C 404.201 MHz Type=RS41-SG Radiosonde auto_rx v1.3.0"
2020-05-09 06:11:56,2020-05-09 06:11:56,53.01889,-0.78385,26,85,17961.25,"Clb=5.1m/s t=-54.9C 404.20MHz Type=RS41-SG Details on http://radiosondy.info"
2020-05-09 06:12:05,2020-05-09 06:12:05,53.01892,-0.78352,28,77,17976.19,"Clb=5.9m/s t=-55.3C 404.202 MHz Type=RS41-SG Radiosonde auto_rx v1.3.1"
2020-05-09 06:12:28,2020-05-09 06:12:28,53.01958,-0.78049,28,89,18122.49,"Clb=5.2m/s t=-54.6C 404.20MHz Type=RS41-SG Details on http://radiosondy.info"
2020-05-09 06:12:35,2020-05-09 06:12:35,53.01959,-0.78038,28,82,18127.98,"Clb=5.5m/s t=-55.0C 404.202 MHz Type=RS41-SG Radiosonde auto_rx v1.3.1"
2020-05-09 06:13:00,2020-05-09 06:13:05,53.02035,-0.77669,30,81,18281.60,"Clb=4.6m/s t=-54.6C 404.202 MHz Type=RS41-SG Radiosonde auto_rx v1.3.1"
2020-05-09 06:13:30,2020-05-09 06:13:30,53.02071,-0.77364,26,77,18423.33,"Clb=5.3m/s t=-55.6C 404.201 MHz Type=RS41-SG Radiosonde auto_rx v1.3.0"
2020-05-09 06:13:35,2020-05-09 06:13:35,53.02074,-0.77335,22,86,18439.18,"Clb=6.4m/s t=-55.7C 404.202 MHz Type=RS41-SG Radiosonde auto_rx v1.3.1"
2020-05-09 06:13:48,2020-05-09 06:13:48,53.02090,-0.77113,30,83,18539.46,"Clb=6.9m/s t=-55.7C 404.20MHz Type=RS41-SG Details on http://radiosondy.info"
2020-05-09 06:14:00,2020-05-09 06:14:00,53.02104,-0.76992,30,88,18594.32,"Clb=5.8m/s t=-56.0C 404.201 MHz Type=RS41-SG Radiosonde auto_rx v1.3.0"
2020-05-09 06:14:05,2020-05-09 06:14:05,53.02104,-0.76978,33,96,18600.12,"Clb=6.2m/s t=-56.0C 404.202 MHz Type=RS41-SG Radiosonde auto_rx v1.3.1"
2020-05-09 06:14:20,2020-05-09 06:14:20,53.02061,-0.76731,30,108,18709.84,"Clb=5.9m/s t=-55.7C 404.20MHz Type=RS41-SG Details on http://radiosondy.info"
2020-05-09 06:14:30,2020-05-09 06:14:35,53.02046,-0.76629,28,117,18756.17,"Clb=5.0m/s t=-56.2C 404.202 MHz Type=RS41-SG Radiosonde auto_rx v1.3.1"
2020-05-09 06:14:52,2020-05-09 06:14:52,53.01977,-0.76379,28,97,18872.61,"Clb=4.1m/s t=-55.7C 404.20MHz Type=RS41-SG Details on http://radiosondy.info"
2020-05-09 06:15:00,2020-05-09 06:15:05,53.01969,-0.76299,24,103,18911.62,"Clb=6.3m/s t=-56.2C 404.202 MHz Type=RS41-SG Radiosonde auto_rx v1.3.1"
2020-05-09 06:15:30,2020-05-09 06:15:35,53.01945,-0.75929,39,106,19074.99,"Clb=6.3m/s t=-55.8C 404.202 MHz Type=RS41-SG Radiosonde auto_rx v1.3.1"
2020-05-09 06:15:56,2020-05-09 06:15:56,53.01898,-0.75475,43,107,19218.86,"Clb=6.2m/s t=-54.7C 404.20MHz Type=RS41-SG Details on http://radiosondy.info"
2020-05-09 06:16:05,2020-05-09 06:16:05,53.01891,-0.75424,43,103,19235.01,"Clb=6.4m/s t=-55.1C 404.202 MHz Type=RS41-SG Radiosonde auto_rx v1.3.1"
2020-05-09 06:16:28,2020-05-09 06:16:28,53.01755,-0.74991,41,116,19395.03,"Clb=5.5m/s t=-55.3C 404.20MHz Type=RS41-SG Details on http://radiosondy.info"
2020-05-09 06:16:35,2020-05-09 06:16:35,53.01751,-0.74975,43,113,19399.30,"Clb=3.5m/s t=-55.6C 404.202 MHz Type=RS41-SG Radiosonde auto_rx v1.3.1"
2020-05-09 06:17:00,2020-05-09 06:17:05,53.01607,-0.74551,37,107,19559.02,"Clb=5.7m/s t=-55.4C 404.202 MHz Type=RS41-SG Radiosonde auto_rx v1.3.1"
2020-05-09 06:17:30,2020-05-09 06:17:35,53.01433,-0.74192,33,139,19721.78,"Clb=5.1m/s t=-55.5C 404.202 MHz Type=RS41-SG Radiosonde auto_rx v1.3.1"
2020-05-09 06:17:48,2020-05-09 06:17:48,53.01326,-0.74079,26,151,19822.06,"Clb=5.3m/s t=-55.4C 404.20MHz Type=RS41-SG Details on http://radiosondy.info"
2020-05-09 06:18:00,2020-05-09 06:18:05,53.01273,-0.74038,28,122,19880.28,"Clb=4.1m/s t=-55.4C 404.202 MHz Type=RS41-SG Radiosonde auto_rx v1.3.1"
2020-05-09 06:18:20,2020-05-09 06:18:20,53.01188,-0.73881,22,164,19990.00,"Clb=5.8m/s t=-54.2C 404.20MHz Type=RS41-SG Details on http://radiosondy.info"
2020-05-09 06:18:30,2020-05-09 06:18:35,53.01139,-0.73838,17,136,20039.38,"Clb=5.1m/s t=-54.2C 404.202 MHz Type=RS41-SG Radiosonde auto_rx v1.3.1"
2020-05-09 06:18:52,2020-05-09 06:18:52,53.01062,-0.73693,24,137,20157.95,"Clb=5.3m/s t=-53.6C 404.20MHz Type=RS41-SG Details on http://radiosondy.info"
2020-05-09 06:19:00,2020-05-09 06:19:05,53.01022,-0.73637,26,128,20193.30,"Clb=4.8m/s t=-53.6C 404.202 MHz Type=RS41-SG Radiosonde auto_rx v1.3.1"
2020-05-09 06:19:24,2020-05-09 06:19:24,53.00895,-0.73438,30,150,20326.50,"Clb=5.6m/s t=-52.8C 404.20MHz Type=RS41-SG Details on http://radiosondy.info"
2020-05-09 06:19:30,2020-05-09 06:19:35,53.00864,-0.73399,28,144,20351.80,"Clb=4.4m/s t=-53.1C 404.202 MHz Type=RS41-SG Radiosonde auto_rx v1.3.1"
2020-05-09 06:19:56,2020-05-09 06:19:56,53.00714,-0.73236,24,150,20498.41,"Clb=4.3m/s t=-53.2C 404.20MHz Type=RS41-SG Details on http://radiosondy.info"
2020-05-09 06:20:05,2020-05-09 06:20:05,53.00701,-0.73221,24,148,20513.95,"Clb=4.4m/s t=-53.6C 404.202 MHz Type=RS41-SG Radiosonde auto_rx v1.3.1"
2020-05-09 06:20:28,2020-05-09 06:20:28,53.00611,-0.73106,13,105,20677.02,"Clb=4.2m/s t=-54.1C 404.20MHz Type=RS41-SG Details on http://radiosondy.info"
2020-05-09 06:20:35,2020-05-09 06:20:35,53.00611,-0.73101,11,100,20682.51,"Clb=6.4m/s t=-54.4C 404.202 MHz Type=RS41-SG Radiosonde auto_rx v1.3.1"
2020-05-09 06:21:00,2020-05-09 06:21:05,53.00529,-0.72785,30,107,20851.06,"Clb=6.1m/s t=-52.4C 404.202 MHz Type=RS41-SG Radiosonde auto_rx v1.3.1"
2020-05-09 06:21:30,2020-05-09 06:21:35,53.00449,-0.72607,7,114,21019.62,"Clb=4.8m/s t=-51.1C 404.202 MHz Type=RS41-SG Radiosonde auto_rx v1.3.1"
2020-05-09 06:21:48,2020-05-09 06:21:48,53.00431,-0.72537,11,70,21125.99,"Clb=6.4m/s t=-51.0C 404.20MHz Type=RS41-SG Details on http://radiosondy.info"
2020-05-09 06:22:00,2020-05-09 06:22:05,53.00436,-0.72485,9,84,21187.87,"Clb=5.5m/s t=-51.5C 404.202 MHz Type=RS41-SG Radiosonde auto_rx v1.3.1"
2020-05-09 06:22:20,2020-05-09 06:22:20,53.00434,-0.72347,19,85,21309.18,"Clb=5.1m/s t=-50.7C 404.20MHz Type=RS41-SG Details on http://radiosondy.info"
2020-05-09 06:22:30,2020-05-09 06:22:35,53.00449,-0.72273,13,60,21357.34,"Clb=4.5m/s t=-51.1C 404.202 MHz Type=RS41-SG Radiosonde auto_rx v1.3.1"
2020-05-09 06:22:52,2020-05-09 06:22:52,53.00446,-0.72030,28,108,21491.45,"Clb=5.4m/s t=-50.2C 404.20MHz Type=RS41-SG Details on http://radiosondy.info"
2020-05-09 06:23:00,2020-05-09 06:23:05,53.00437,-0.71938,30,91,21532.29,"Clb=7.1m/s t=-49.9C 404.202 MHz Type=RS41-SG Radiosonde auto_rx v1.3.1"
2020-05-09 06:23:24,2020-05-09 06:23:24,53.00384,-0.71715,24,134,21685.91,"Clb=6.7m/s t=-49.0C 404.20MHz Type=RS41-SG Details on http://radiosondy.info"
2020-05-09 06:23:30,2020-05-09 06:23:35,53.00360,-0.71684,17,149,21713.34,"Clb=4.9m/s t=-49.5C 404.202 MHz Type=RS41-SG Radiosonde auto_rx v1.3.1"
2020-05-09 06:23:56,2020-05-09 06:24:00,53.00263,-0.71565,0,258,21895.00,"Clb=4.8m/s t=-50.3C 404.200 MHz Type=RS41-SG Radiosonde auto_rx v1.2.2"
2020-05-09 06:24:28,2020-05-09 06:24:28,53.00259,-0.71525,6,343,22073.62,"Clb=5.3m/s t=-50.6C 404.20MHz Type=RS41-SG Details on http://radiosondy.info"
2020-05-09 06:24:35,2020-05-09 06:24:35,53.00261,-0.71526,6,331,22079.10,"Clb=6.7m/s t=-51.0C 404.202 MHz Type=RS41-SG Radiosonde auto_rx v1.3.1"
2020-05-09 06:25:00,2020-05-09 06:25:00,53.00305,-0.71440,11,85,22258.93,"Clb=6.7m/s t=-51.8C 404.200 MHz Type=RS41-SG Radiosonde auto_rx v1.2.2"
2020-05-09 06:25:30,2020-05-09 06:25:35,53.00320,-0.71284,20,86,22441.51,"Clb=5.0m/s t=-50.3C 404.202 MHz Type=RS41-SG Radiosonde auto_rx v1.3.1"
2020-05-09 06:25:48,2020-05-09 06:25:48,53.00303,-0.71110,24,93,22554.29,"Clb=5.4m/s t=-49.3C 404.20MHz Type=RS41-SG Details on http://radiosondy.info"
2020-05-09 06:26:00,2020-05-09 06:26:00,53.00281,-0.71040,17,153,22624.08,"Clb=5.0m/s t=-49.6C 404.200 MHz Type=RS41-SG Radiosonde auto_rx v1.2.2"
2020-05-09 06:26:19,2020-05-09 06:26:19,53.00282,-0.70956,11,54,22741.43,"Clb=5.9m/s t=-49.4C 404.20MHz Type=RS41-SG Details on http://radiosondy.info"
2020-05-09 06:26:30,2020-05-09 06:26:35,53.00266,-0.70927,13,128,22800.56,"Clb=5.9m/s t=-50.0C 404.202 MHz Type=RS41-SG Radiosonde auto_rx v1.3.1"
2020-05-09 06:26:51,2020-05-09 06:26:51,53.00211,-0.70784,19,140,22933.76,"Clb=5.0m/s t=-48.7C 404.20MHz Type=RS41-SG Details on http://radiosondy.info"
2020-05-09 06:27:00,2020-05-09 06:27:00,53.00186,-0.70763,17,173,22981.92,"Clb=7.0m/s t=-49.2C 404.200 MHz Type=RS41-SG Radiosonde auto_rx v1.2.2"
2020-05-09 06:27:23,2020-05-09 06:27:23,53.00167,-0.70829,11,275,23122.13,"Clb=6.8m/s t=-49.2C 404.20MHz Type=RS41-SG Details on http://radiosondy.info"
2020-05-09 06:27:30,2020-05-09 06:27:35,53.00156,-0.70842,7,221,23158.09,"Clb=7.1m/s t=-49.6C 404.202 MHz Type=RS41-SG Radiosonde auto_rx v1.3.1"
2020-05-09 06:27:55,2020-05-09 06:27:55,53.00110,-0.70825,11,208,23312.02,"Clb=4.8m/s t=-49.4C 404.20MHz Type=RS41-SG Details on http://radiosondy.info"
2020-05-09 06:28:00,2020-05-09 06:28:05,53.00095,-0.70831,20,177,23333.35,"Clb=4.9m/s t=-49.8C 404.202 MHz Type=RS41-SG Radiosonde auto_rx v1.3.1"
2020-05-09 06:28:27,2020-05-09 06:28:27,53.00036,-0.70750,15,169,23498.86,"Clb=5.3m/s t=-49.8C 404.20MHz Type=RS41-SG Details on http://radiosondy.info"
2020-05-09 06:28:35,2020-05-09 06:28:35,53.00028,-0.70745,17,147,23510.75,"Clb=5.5m/s t=-50.2C 404.202 MHz Type=RS41-SG Radiosonde auto_rx v1.3.1"
2020-05-09 06:28:59,2020-05-09 06:29:05,52.99894,-0.70778,7,216,23688.14,"Clb=5.6m/s t=-49.8C 404.202 MHz Type=RS41-SG Radiosonde auto_rx v1.3.1"
2020-05-09 06:29:30,2020-05-09 06:29:35,52.99838,-0.70820,17,186,23861.88,"Clb=5.8m/s t=-49.7C 404.202 MHz Type=RS41-SG Radiosonde auto_rx v1.3.1"
2020-05-09 06:29:47,2020-05-09 06:29:47,52.99763,-0.70864,19,191,23968.86,"Clb=5.7m/s t=-48.6C 404.20MHz Type=RS41-SG Details on http://radiosondy.info"
2020-05-09 06:30:00,2020-05-09 06:30:05,52.99710,-0.70871,26,161,24040.19,"Clb=5.0m/s t=-49.1C 404.202 MHz Type=RS41-SG Radiosonde auto_rx v1.3.1"
2020-05-09 06:30:19,2020-05-09 06:30:19,52.99619,-0.70814,20,187,24157.53,"Clb=5.4m/s t=-49.1C 404.20MHz Type=RS41-SG Details on http://radiosondy.info"
2020-05-09 06:30:30,2020-05-09 06:30:30,52.99568,-0.70782,26,150,24217.88,"Clb=6.5m/s t=-49.1C 404.200 MHz Type=RS41-SG Radiosonde auto_rx v1.2.2"
2020-05-09 06:30:51,2020-05-09 06:30:51,52.99421,-0.70781,28,197,24350.47,"Clb=5.1m/s t=-48.1C 404.20MHz Type=RS41-SG Details on http://radiosondy.info"
2020-05-09 06:31:00,2020-05-09 06:31:05,52.99371,-0.70798,31,193,24397.11,"Clb=6.2m/s t=-48.5C 404.202 MHz Type=RS41-SG Radiosonde auto_rx v1.3.1"
2020-05-09 06:31:23,2020-05-09 06:31:23,52.99248,-0.70846,20,209,24538.23,"Clb=4.9m/s t=-48.3C 404.20MHz Type=RS41-SG Details on http://radiosondy.info"
2020-05-09 06:31:30,2020-05-09 06:31:35,52.99227,-0.70849,19,180,24575.72,"Clb=7.5m/s t=-48.5C 404.202 MHz Type=RS41-SG Radiosonde auto_rx v1.3.1"
2020-05-09 06:31:55,2020-05-09 06:31:55,52.99084,-0.70949,24,206,24730.25,"Clb=7.0m/s t=-47.7C 404.20MHz Type=RS41-SG Details on http://radiosondy.info"
2020-05-09 06:32:00,2020-05-09 06:32:05,52.99067,-0.70961,17,204,24754.33,"Clb=4.5m/s t=-48.0C 404.202 MHz Type=RS41-SG Radiosonde auto_rx v1.3.1"
2020-05-09 06:32:27,2020-05-09 06:32:27,52.98955,-0.70998,19,176,24921.67,"Clb=5.4m/s t=-48.1C 404.20MHz Type=RS41-SG Details on http://radiosondy.info"
2020-05-09 06:32:35,2020-05-09 06:32:35,52.98951,-0.71000,7,210,24933.25,"Clb=6.5m/s t=-48.5C 404.202 MHz Type=RS41-SG Radiosonde auto_rx v1.3.1"
2020-05-09 06:32:59,2020-05-09 06:33:00,52.98817,-0.71098,24,220,25112.17,"Clb=5.2m/s t=-48.2C 404.200 MHz Type=RS41-SG Radiosonde auto_rx v1.2.2"
2020-05-09 06:33:30,2020-05-09 06:33:35,52.98620,-0.71265,33,226,25302.67,"Clb=5.7m/s t=-47.8C 404.202 MHz Type=RS41-SG Radiosonde auto_rx v1.3.1"
2020-05-09 06:33:47,2020-05-09 06:33:47,52.98536,-0.71421,26,239,25410.57,"Clb=5.8m/s t=-47.8C 404.20MHz Type=RS41-SG Details on http://radiosondy.info"
2020-05-09 06:34:00,2020-05-09 06:34:00,52.98487,-0.71491,19,229,25481.28,"Clb=5.6m/s t=-48.1C 404.200 MHz Type=RS41-SG Radiosonde auto_rx v1.2.2"
2020-05-09 06:34:19,2020-05-09 06:34:19,52.98413,-0.71575,20,194,25604.72,"Clb=6.6m/s t=-47.7C 404.20MHz Type=RS41-SG Details on http://radiosondy.info"
2020-05-09 06:34:30,2020-05-09 06:34:35,52.98358,-0.71591,24,181,25665.68,"Clb=5.1m/s t=-48.5C 404.202 MHz Type=RS41-SG Radiosonde auto_rx v1.3.1"
2020-05-09 06:34:51,2020-05-09 06:34:51,52.98225,-0.71594,26,213,25797.36,"Clb=6.6m/s t=-48.1C 404.20MHz Type=RS41-SG Details on http://radiosondy.info"
2020-05-09 06:35:00,2020-05-09 06:35:00,52.98216,-0.71603,22,208,25808.94,"Clb=5.7m/s t=-48.5C 404.200 MHz Type=RS41-SG Radiosonde auto_rx v1.2.2"
2020-05-09 06:35:05,2020-05-09 06:35:05,52.98173,-0.71615,30,170,25846.13,"Clb=6.1m/s t=-48.5C 404.202 MHz Type=RS41-SG Radiosonde auto_rx v1.3.1"
2020-05-09 06:35:23,2020-05-09 06:35:23,52.98016,-0.71659,30,203,25991.82,"Clb=7.2m/s t=-48.5C 404.20MHz Type=RS41-SG Details on http://radiosondy.info"
2020-05-09 06:35:30,2020-05-09 06:35:30,52.97988,-0.71670,33,184,26016.20,"Clb=5.5m/s t=-49.0C 404.200 MHz Type=RS41-SG Radiosonde auto_rx v1.2.2"
2020-05-09 06:35:35,2020-05-09 06:35:35,52.97971,-0.71671,33,180,26027.18,"Clb=6.3m/s t=-49.2C 404.202 MHz Type=RS41-SG Radiosonde auto_rx v1.3.1"
2020-05-09 06:35:57,2020-05-09 06:35:57,52.97775,-0.71762,28,198,26194.51,"Clb=5.7m/s t=-48.8C 404.20MHz Type=RS41-SG Details on http://radiosondy.info"
2020-05-09 06:36:05,2020-05-09 06:36:05,52.97758,-0.71773,37,203,26206.40,"Clb=7.0m/s t=-49.2C 404.202 MHz Type=RS41-SG Radiosonde auto_rx v1.3.1"
2020-05-09 06:36:30,2020-05-09 06:36:30,52.97445,-0.71955,46,207,26391.72,"Clb=7.6m/s t=-48.5C 404.20MHz Type=RS41-SG Details on http://radiosondy.info"
2020-05-09 06:36:35,2020-05-09 06:36:35,52.97455,-0.71946,50,208,26384.71,"Clb=6.7m/s t=-48.8C 404.202 MHz Type=RS41-SG Radiosonde auto_rx v1.3.1"
2020-05-09 06:37:00,2020-05-09 06:37:00,52.97363,-0.71984,46,203,26440.18,"Clb=5.5m/s t=-49.1C 404.200 MHz Type=RS41-SG Radiosonde auto_rx v1.2.2"
2020-05-09 06:37:30,2020-05-09 06:37:30,52.96942,-0.72276,41,196,26679.45,"Clb=5.8m/s t=-49.6C 404.200 MHz Type=RS41-SG Radiosonde auto_rx v1.2.2"
2020-05-09 06:38:05,2020-05-09 06:38:05,52.96516,-0.72741,57,223,26944.32,"Clb=6.1m/s t=-49.3C 404.202 MHz Type=RS41-SG Radiosonde auto_rx v1.3.1"
2020-05-09 06:38:35,2020-05-09 06:38:35,52.96241,-0.73157,50,221,27137.87,"Clb=5.9m/s t=-49.1C 404.202 MHz Type=RS41-SG Radiosonde auto_rx v1.3.1"
2020-05-09 06:39:00,2020-05-09 06:39:00,52.96048,-0.73549,56,244,27287.83,"Clb=6.3m/s t=-49.3C 404.200 MHz Type=RS41-SG Radiosonde auto_rx v1.2.2"
2020-05-09 06:39:05,2020-05-09 06:39:05,52.95981,-0.73656,59,219,27333.85,"Clb=6.5m/s t=-49.5C 404.202 MHz Type=RS41-SG Radiosonde auto_rx v1.3.1"
2020-05-09 06:39:35,2020-05-09 06:39:35,52.95772,-0.74154,43,228,27529.54,"Clb=5.3m/s t=-50.2C 404.202 MHz Type=RS41-SG Radiosonde auto_rx v1.3.1"
2020-05-09 06:40:05,2020-05-09 06:40:05,52.95598,-0.74647,50,230,27725.52,"Clb=6.0m/s t=-51.0C 404.202 MHz Type=RS41-SG Radiosonde auto_rx v1.3.1"
2020-05-09 06:40:35,2020-05-09 06:40:35,52.95412,-0.75141,39,231,27918.16,"Clb=5.6m/s t=-50.9C 404.202 MHz Type=RS41-SG Radiosonde auto_rx v1.3.1"
2020-05-09 06:41:00,2020-05-09 06:41:00,52.95265,-0.75605,46,232,28100.43,"Clb=7.3m/s t=-51.2C 404.200 MHz Type=RS41-SG Radiosonde auto_rx v1.2.2"
2020-05-09 06:41:05,2020-05-09 06:41:05,52.95258,-0.75621,48,234,28106.83,"Clb=5.4m/s t=-51.2C 404.202 MHz Type=RS41-SG Radiosonde auto_rx v1.3.1"
2020-05-09 06:41:30,2020-05-09 06:41:30,52.95102,-0.76002,54,225,28255.87,"Clb=5.8m/s t=-51.1C 404.200 MHz Type=RS41-SG Radiosonde auto_rx v1.2.2"
2020-05-09 06:41:35,2020-05-09 06:41:35,52.95052,-0.76098,56,238,28286.66,"Clb=7.1m/s t=-51.1C 404.202 MHz Type=RS41-SG Radiosonde auto_rx v1.3.1"
2020-05-09 06:42:10,2020-05-09 06:42:10,52.94701,-0.76934,57,238,28534.77,"Clb=6.8m/s t=-49.8C 404.20MHz Type=RS41-SG Details on http://radiosondy.info"
2020-05-09 06:42:29,2020-05-09 06:42:35,52.94592,-0.77312,48,256,28653.03,"Clb=6.9m/s t=-50.5C 404.202 MHz Type=RS41-SG Radiosonde auto_rx v1.3.1"
2020-05-09 06:43:00,2020-05-09 06:43:00,52.94497,-0.77589,50,235,28529.58,"Clb=-53.3m/s t=-49.6C 404.200 MHz Type=RS41-SG Radiosonde auto_rx v1.2.2"
2020-05-09 06:43:05,2020-05-09 06:43:05,52.94369,-0.78066,94,222,28273.25,"Clb=-15.0m/s t=-50.5C 404.202 MHz Type=RS41-SG Radiosonde auto_rx v1.3.1"
2020-05-09 06:43:35,2020-05-09 06:43:35,52.94151,-0.78409,35,335,27782.82,"Clb=-15.8m/s t=-50.7C 404.202 MHz Type=RS41-SG Radiosonde auto_rx v1.3.1"
2020-05-09 06:44:05,2020-05-09 06:44:05,52.94044,-0.78688,43,335,27505.76,"Clb=-17.5m/s t=-50.2C 404.202 MHz Type=RS41-SG Radiosonde auto_rx v1.3.1"
2020-05-09 06:44:35,2020-05-09 06:44:35,52.93762,-0.79250,43,144,27019.00,"Clb=-13.7m/s t=-49.5C 404.202 MHz Type=RS41-SG Radiosonde auto_rx v1.3.1"
2020-05-09 06:45:05,2020-05-09 06:45:05,52.93613,-0.79426,63,134,26784.60,"Clb=-16.9m/s t=-49.4C 404.202 MHz Type=RS41-SG Radiosonde auto_rx v1.3.1"
2020-05-09 06:45:35,2020-05-09 06:45:35,52.93124,-0.79676,72,127,25908.00,"Clb=-15.9m/s t=-48.9C 404.202 MHz Type=RS41-SG Radiosonde auto_rx v1.3.1"
2020-05-09 06:46:05,2020-05-09 06:46:05,52.93002,-0.79661,54,88,25468.78,"Clb=-15.1m/s t=-47.8C 404.202 MHz Type=RS41-SG Radiosonde auto_rx v1.3.1"
2020-05-09 06:46:35,2020-05-09 06:46:35,52.93061,-0.79701,80,264,25371.86,"Clb=-14.5m/s t=-47.6C 404.202 MHz Type=RS41-SG Radiosonde auto_rx v1.3.1"
2020-05-09 06:47:05,2020-05-09 06:47:05,52.92821,-0.79859,50,43,24652.53,"Clb=-14.0m/s t=-46.9C 404.202 MHz Type=RS41-SG Radiosonde auto_rx v1.3.1"
2020-05-09 06:47:35,2020-05-09 06:47:35,52.92708,-0.79959,43,35,24270.92,"Clb=-13.6m/s t=-47.4C 404.202 MHz Type=RS41-SG Radiosonde auto_rx v1.3.1"
2020-05-09 06:48:35,2020-05-09 06:48:35,52.92425,-0.80080,35,36,23549.15,"Clb=-12.5m/s t=-49.6C 404.202 MHz Type=RS41-SG Radiosonde auto_rx v1.3.1"
2020-05-09 06:49:35,2020-05-09 06:49:35,52.92155,-0.80088,56,74,22859.39,"Clb=-11.7m/s t=-50.9C 404.202 MHz Type=RS41-SG Radiosonde auto_rx v1.3.1"
2020-05-09 06:50:35,2020-05-09 06:50:35,52.92058,-0.79940,61,106,22214.43,"Clb=-12.5m/s t=-51.3C 404.202 MHz Type=RS41-SG Radiosonde auto_rx v1.3.1"
2020-05-09 06:51:35,2020-05-09 06:51:35,52.91929,-0.79788,67,142,21606.97,"Clb=-10.5m/s t=-51.6C 404.202 MHz Type=RS41-SG Radiosonde auto_rx v1.3.1"
2020-05-09 06:52:05,2020-05-09 06:52:05,52.91923,-0.79487,46,194,21322.59,"Clb=-9.9m/s t=-51.9C 404.202 MHz Type=RS41-SG Radiosonde auto_rx v1.3.1"
2020-05-09 06:52:28,2020-05-09 06:52:28,52.91885,-0.79248,33,227,21041.87,"Clb=-10.2m/s t=-51.3C 404.20MHz Type=RS41-SG Details on http://radiosondy.info"
2020-05-09 06:52:43,2020-05-09 06:52:43,52.91849,-0.79074,31,228,20897.70,"Clb=-10.0m/s t=-52.8C 404.20MHz Type=RS41-SG Details on http://radiosondy.info"
2020-05-09 06:53:00,2020-05-09 06:53:00,52.91832,-0.78906,33,245,20745.91,"Clb=-8.8m/s t=-54.7C 404.20MHz Type=RS41-SG Details on http://radiosondy.info"
2020-05-09 06:53:15,2020-05-09 06:53:15,52.91827,-0.78808,35,255,20614.23,"Clb=-9.1m/s t=-53.9C 404.20MHz Type=RS41-SG Details on http://radiosondy.info"
2020-05-09 06:53:31,2020-05-09 06:53:31,52.91786,-0.78708,31,234,20478.29,"Clb=-9.1m/s t=-52.8C 404.20MHz Type=RS41-SG Details on http://radiosondy.info"
2020-05-09 06:54:03,2020-05-09 06:54:03,52.91678,-0.78436,28,233,20214.03,"Clb=-7.1m/s t=-54.0C 404.20MHz Type=RS41-SG Details on http://radiosondy.info"
2020-05-09 06:54:50,2020-05-09 06:54:50,52.91605,-0.78159,31,273,19830.59,"Clb=-7.7m/s t=-55.0C 404.20MHz Type=RS41-SG Details on http://radiosondy.info"
2020-05-09 06:55:23,2020-05-09 06:55:23,52.91495,-0.77961,22,208,19568.16,"Clb=-8.8m/s t=-53.8C 404.20MHz Type=RS41-SG Details on http://radiosondy.info"
2020-05-09 06:55:35,2020-05-09 06:55:35,52.91422,-0.77909,74,123,19521.53,"Clb=-7.3m/s t=-54.0C 404.202 MHz Type=RS41-SG Radiosonde auto_rx v1.3.1"
2020-05-09 06:55:58,2020-05-09 06:55:58,52.91351,-0.77484,33,160,19296.28,"Clb=-7.8m/s t=-54.0C 404.20MHz Type=RS41-SG Details on http://radiosondy.info"
2020-05-09 06:56:05,2020-05-09 06:56:05,52.91338,-0.77475,63,150,19286.52,"Clb=-9.3m/s t=-54.5C 404.202 MHz Type=RS41-SG Radiosonde auto_rx v1.3.1"
2020-05-09 06:56:29,2020-05-09 06:56:29,52.91253,-0.76964,31,164,19060.97,"Clb=-7.3m/s t=-54.4C 404.20MHz Type=RS41-SG Details on http://radiosondy.info"
2020-05-09 06:57:05,2020-05-09 06:57:05,52.91205,-0.76504,9,329,18839.69,"Clb=-7.9m/s t=-55.4C 404.202 MHz Type=RS41-SG Radiosonde auto_rx v1.3.1"
2020-05-09 06:57:35,2020-05-09 06:57:35,52.91072,-0.76129,20,186,18583.66,"Clb=-7.3m/s t=-54.1C 404.20MHz Type=RS41-SG Details on http://radiosondy.info"
2020-05-09 06:57:52,2020-05-09 06:57:52,52.91021,-0.75923,17,180,18467.53,"Clb=-6.9m/s t=-54.4C 404.20MHz Type=RS41-SG Details on http://radiosondy.info"
2020-05-09 06:58:06,2020-05-09 06:58:06,52.90972,-0.75811,63,88,18420.28,"Clb=-6.2m/s t=-54.5C 404.202 MHz Type=RS41-SG Radiosonde auto_rx v1.3.1"
2020-05-09 06:58:24,2020-05-09 06:58:24,52.91036,-0.75503,28,302,18245.94,"Clb=-6.2m/s t=-54.3C 404.20MHz Type=RS41-SG Details on http://radiosondy.info"
2020-05-09 06:58:35,2020-05-09 06:58:35,52.91012,-0.75481,48,126,18213.02,"Clb=-7.4m/s t=-54.7C 404.202 MHz Type=RS41-SG Radiosonde auto_rx v1.3.1"
2020-05-09 06:58:55,2020-05-09 06:58:55,52.91043,-0.75128,33,24,18040.20,"Clb=-6.9m/s t=-54.7C 404.20MHz Type=RS41-SG Details on http://radiosondy.info"
2020-05-09 06:59:05,2020-05-09 06:59:05,52.91061,-0.75131,9,241,18015.20,"Clb=-6.3m/s t=-55.1C 404.202 MHz Type=RS41-SG Radiosonde auto_rx v1.3.1"
2020-05-09 06:59:30,2020-05-09 06:59:35,52.91000,-0.74801,30,46,17811.29,"Clb=-7.4m/s t=-54.5C 404.202 MHz Type=RS41-SG Radiosonde auto_rx v1.3.1"
2020-05-09 07:00:00,2020-05-09 07:00:05,52.90912,-0.74542,57,104,17609.52,"Clb=-7.5m/s t=-54.4C 404.202 MHz Type=RS41-SG Radiosonde auto_rx v1.3.1"
2020-05-09 07:00:28,2020-05-09 07:00:28,52.90947,-0.74292,20,187,17421.45,"Clb=-7.7m/s t=-54.1C 404.20MHz Type=RS41-SG Details on http://radiosondy.info"
2020-05-09 07:00:45,2020-05-09 07:00:45,52.90940,-0.74292,31,175,17413.83,"Clb=-8.2m/s t=-54.4C 404.202 MHz Type=RS41-SG Radiosonde auto_rx v1.3.1"
2020-05-09 07:01:00,2020-05-09 07:01:15,52.90925,-0.73910,22,15,17225.16,"Clb=-7.5m/s t=-54.2C 404.202 MHz Type=RS41-SG Radiosonde auto_rx v1.3.1"
2020-05-09 07:01:30,2020-05-09 07:01:30,52.90861,-0.73636,57,102,17049.90,"Clb=-6.8m/s t=-54.1C 404.200 MHz Type=RS41-SG Radiosonde auto_rx v1.3.1"
2020-05-09 07:01:35,2020-05-09 07:01:35,52.90861,-0.73591,54,76,17039.84,"Clb=-6.1m/s t=-54.1C 404.202 MHz Type=RS41-SG Radiosonde auto_rx v1.3.1"
2020-05-09 07:01:50,2020-05-09 07:01:50,52.90859,-0.73350,37,44,16914.27,"Clb=-6.4m/s t=-53.3C 404.20MHz Type=RS41-SG Details on http://radiosondy.info"
2020-05-09 07:02:00,2020-05-09 07:02:00,52.90833,-0.73330,46,141,16857.27,"Clb=-6.1m/s t=-53.5C 404.200 MHz Type=RS41-SG Radiosonde auto_rx v1.3.1"
2020-05-09 07:02:22,2020-05-09 07:02:22,52.90760,-0.73006,39,85,16724.07,"Clb=-5.7m/s t=-53.1C 404.20MHz Type=RS41-SG Details on http://radiosondy.info"
2020-05-09 07:02:30,2020-05-09 07:02:47,52.90787,-0.72917,4,76,16683.23,"Clb=-5.7m/s t=-53.5C 404.202 MHz Type=RS41-SG Radiosonde auto_rx v1.3.1"
2020-05-09 07:02:54,2020-05-09 07:02:54,52.90695,-0.72598,41,109,16534.49,"Clb=-6.4m/s t=-53.1C 404.20MHz Type=RS41-SG Details on http://radiosondy.info"
2020-05-09 07:03:00,2020-05-09 07:03:05,52.90700,-0.72479,50,60,16505.53,"Clb=-6.5m/s t=-53.5C 404.202 MHz Type=RS41-SG Radiosonde auto_rx v1.3.1"
2020-05-09 07:03:26,2020-05-09 07:03:26,52.90712,-0.72145,43,122,16343.68,"Clb=-6.8m/s t=-53.5C 404.20MHz Type=RS41-SG Details on http://radiosondy.info"
2020-05-09 07:03:42,2020-05-09 07:03:42,52.90753,-0.71888,44,125,16249.50,"Clb=-7.0m/s t=-53.3C 404.20MHz Type=RS41-SG Details on http://radiosondy.info"
2020-05-09 07:03:58,2020-05-09 07:03:58,52.90788,-0.71618,46,101,16156.53,"Clb=-6.8m/s t=-53.4C 404.20MHz Type=RS41-SG Details on http://radiosondy.info"
2020-05-09 07:04:05,2020-05-09 07:04:05,52.90787,-0.71613,15,115,16149.52,"Clb=-6.8m/s t=-53.8C 404.202 MHz Type=RS41-SG Radiosonde auto_rx v1.3.1"
2020-05-09 07:04:30,2020-05-09 07:04:35,52.90849,-0.71083,52,39,15964.20,"Clb=-6.8m/s t=-53.9C 404.202 MHz Type=RS41-SG Radiosonde auto_rx v1.3.1"
2020-05-09 07:04:54,2020-05-09 07:04:54,52.90906,-0.70781,43,139,15812.41,"Clb=-6.6m/s t=-53.3C 404.20MHz Type=RS41-SG Details on http://radiosondy.info"
2020-05-09 07:05:00,2020-05-09 07:05:05,52.90885,-0.70708,52,94,15781.02,"Clb=-6.4m/s t=-53.5C 404.202 MHz Type=RS41-SG Radiosonde auto_rx v1.3.1"
2020-05-09 07:05:25,2020-05-09 07:05:25,52.90970,-0.70361,41,24,15626.49,"Clb=-6.5m/s t=-52.6C 404.20MHz Type=RS41-SG Details on http://radiosondy.info"
2020-05-09 07:05:30,2020-05-09 07:05:35,52.90987,-0.70353,4,110,15600.88,"Clb=-6.6m/s t=-53.0C 404.202 MHz Type=RS41-SG Radiosonde auto_rx v1.3.1"
2020-05-09 07:05:57,2020-05-09 07:05:57,52.90978,-0.69981,35,73,15444.22,"Clb=-5.7m/s t=-52.6C 404.20MHz Type=RS41-SG Details on http://radiosondy.info"
2020-05-09 07:06:13,2020-05-09 07:06:13,52.90951,-0.69812,33,99,15360.09,"Clb=-5.5m/s t=-52.0C 404.20MHz Type=RS41-SG Details on http://radiosondy.info"
2020-05-09 07:06:29,2020-05-09 07:06:30,52.90924,-0.69646,50,127,15275.36,"Clb=-5.2m/s t=-52.0C 404.200 MHz Type=RS41-SG Radiosonde auto_rx v1.3.1"
2020-05-09 07:07:00,2020-05-09 07:07:05,52.90878,-0.69100,52,65,15119.30,"Clb=-4.6m/s t=-52.0C 404.202 MHz Type=RS41-SG Radiosonde auto_rx v1.3.1"
2020-05-09 07:07:17,2020-05-09 07:07:17,52.90897,-0.68751,52,64,15033.65,"Clb=-5.0m/s t=-52.8C 404.20MHz Type=RS41-SG Details on http://radiosondy.info"
2020-05-09 07:07:30,2020-05-09 07:07:35,52.90926,-0.68575,56,101,14976.96,"Clb=-4.1m/s t=-53.3C 404.201 MHz Type=RS41-SG Radiosonde auto_rx v1.3.1"
2020-05-09 07:07:49,2020-05-09 07:07:49,52.90958,-0.68266,35,110,14877.90,"Clb=-4.5m/s t=-52.6C 404.20MHz Type=RS41-SG Details on http://radiosondy.info"
2020-05-09 07:08:00,2020-05-09 07:08:00,52.90970,-0.68094,31,56,14836.14,"Clb=-4.1m/s t=-52.9C 404.200 MHz Type=RS41-SG Radiosonde auto_rx v1.3.1"
2020-05-09 07:08:05,2020-05-09 07:08:05,52.90975,-0.68084,26,53,14831.87,"Clb=-3.8m/s t=-52.9C 404.202 MHz Type=RS41-SG Radiosonde auto_rx v1.3.1"
2020-05-09 07:08:21,2020-05-09 07:08:21,52.90945,-0.67842,35,144,14727.33,"Clb=-3.9m/s t=-52.3C 404.20MHz Type=RS41-SG Details on http://radiosondy.info"
2020-05-09 07:08:30,2020-05-09 07:08:30,52.90892,-0.67766,54,120,14688.92,"Clb=-3.9m/s t=-52.5C 404.200 MHz Type=RS41-SG Radiosonde auto_rx v1.3.1"
2020-05-09 07:08:53,2020-05-09 07:08:53,52.90838,-0.67352,43,89,14572.79,"Clb=-4.2m/s t=-51.7C 404.20MHz Type=RS41-SG Details on http://radiosondy.info"
2020-05-09 07:09:00,2020-05-09 07:09:00,52.90854,-0.67243,39,63,14548.41,"Clb=-4.2m/s t=-52.1C 404.200 MHz Type=RS41-SG Radiosonde auto_rx v1.3.1"
2020-05-09 07:09:06,2020-05-09 07:09:06,52.90858,-0.67230,33,64,14543.23,"Clb=-4.4m/s t=-52.1C 404.202 MHz Type=RS41-SG Radiosonde auto_rx v1.3.1"
2020-05-09 07:09:25,2020-05-09 07:09:25,52.90850,-0.66790,48,118,14418.56,"Clb=-4.0m/s t=-51.9C 404.20MHz Type=RS41-SG Details on http://radiosondy.info"
2020-05-09 07:09:30,2020-05-09 07:09:35,52.90832,-0.66706,65,100,14398.45,"Clb=-4.6m/s t=-52.3C 404.201 MHz Type=RS41-SG Radiosonde auto_rx v1.3.1"
2020-05-09 07:09:57,2020-05-09 07:09:57,52.90856,-0.66074,61,66,14263.42,"Clb=-4.0m/s t=-52.4C 404.20MHz Type=RS41-SG Details on http://radiosondy.info"
2020-05-09 07:10:05,2020-05-09 07:10:05,52.90866,-0.66040,37,65,14255.19,"Clb=-3.6m/s t=-52.8C 404.202 MHz Type=RS41-SG Radiosonde auto_rx v1.3.1"
2020-05-09 07:10:29,2020-05-09 07:10:30,52.90881,-0.65489,59,101,14115.59,"Clb=-4.7m/s t=-52.3C 404.200 MHz Type=RS41-SG Radiosonde auto_rx v1.3.1"
2020-05-09 07:11:00,2020-05-09 07:11:00,52.90911,-0.65269,44,57,14073.53,"Clb=-4.4m/s t=-52.3C 404.200 MHz Type=RS41-SG Radiosonde auto_rx v1.3.1"
2020-05-09 07:11:05,2020-05-09 07:11:05,52.90930,-0.64875,52,60,13979.65,"Clb=-3.9m/s t=-52.4C 404.202 MHz Type=RS41-SG Radiosonde auto_rx v1.3.1"
2020-05-09 07:11:17,2020-05-09 07:11:17,52.90960,-0.64551,48,76,13901.93,"Clb=-4.0m/s t=-52.2C 404.20MHz Type=RS41-SG Details on http://radiosondy.info"
2020-05-09 07:11:30,2020-05-09 07:11:35,52.91029,-0.64346,30,81,13853.77,"Clb=-3.6m/s t=-52.8C 404.202 MHz Type=RS41-SG Radiosonde auto_rx v1.3.1"
2020-05-09 07:11:49,2020-05-09 07:11:49,52.91106,-0.63981,48,92,13771.47,"Clb=-3.8m/s t=-52.3C 404.20MHz Type=RS41-SG Details on http://radiosondy.info"
2020-05-09 07:12:00,2020-05-09 07:12:05,52.91111,-0.63771,65,72,13728.19,"Clb=-4.2m/s t=-52.6C 404.201 MHz Type=RS41-SG Radiosonde auto_rx v1.3.1"
2020-05-09 07:12:21,2020-05-09 07:12:21,52.91159,-0.63339,52,68,13637.97,"Clb=-3.8m/s t=-52.4C 404.20MHz Type=RS41-SG Details on http://radiosondy.info"
2020-05-09 07:12:30,2020-05-09 07:12:35,52.91202,-0.63215,26,76,13607.19,"Clb=-3.2m/s t=-52.8C 404.202 MHz Type=RS41-SG Radiosonde auto_rx v1.3.1"
2020-05-09 07:12:53,2020-05-09 07:12:53,52.91246,-0.62807,43,106,13509.35,"Clb=-3.7m/s t=-52.1C 404.20MHz Type=RS41-SG Details on http://radiosondy.info"
2020-05-09 07:13:00,2020-05-09 07:13:05,52.91234,-0.62677,65,85,13484.35,"Clb=-4.0m/s t=-52.5C 404.201 MHz Type=RS41-SG Radiosonde auto_rx v1.3.1"
2020-05-09 07:13:25,2020-05-09 07:13:25,52.91283,-0.62119,57,66,13375.84,"Clb=-4.3m/s t=-52.4C 404.20MHz Type=RS41-SG Details on http://radiosondy.info"
2020-05-09 07:13:30,2020-05-09 07:13:35,52.91306,-0.62040,41,66,13359.08,"Clb=-3.6m/s t=-52.8C 404.202 MHz Type=RS41-SG Radiosonde auto_rx v1.3.1"
2020-05-09 07:13:57,2020-05-09 07:14:00,52.91349,-0.61445,41,94,13241.12,"Clb=-3.6m/s t=-53.4C 404.200 MHz Type=RS41-SG Radiosonde auto_rx v1.3.1"
2020-05-09 07:14:29,2020-05-09 07:14:36,52.91385,-0.60711,72,85,13103.66,"Clb=-4.3m/s t=-53.2C 404.201 MHz Type=RS41-SG Radiosonde auto_rx v1.3.1"
2020-05-09 07:15:01,2020-05-09 07:15:01,52.91432,-0.59896,70,71,12967.41,"Clb=-3.5m/s t=-53.3C 404.20MHz Type=RS41-SG Details on http://radiosondy.info"
2020-05-09 07:15:17,2020-05-09 07:15:17,52.91444,-0.59514,59,75,12900.36,"Clb=-4.2m/s t=-53.7C 404.20MHz Type=RS41-SG Details on http://radiosondy.info"
2020-05-09 07:15:33,2020-05-09 07:15:33,52.91516,-0.59182,54,92,12834.21,"Clb=-4.1m/s t=-54.5C 404.20MHz Type=RS41-SG Details on http://radiosondy.info"
2020-05-09 07:15:49,2020-05-09 07:15:49,52.91553,-0.58800,59,60,12769.90,"Clb=-4.1m/s t=-54.8C 404.20MHz Type=RS41-SG Details on http://radiosondy.info"
2020-05-09 07:16:00,2020-05-09 07:16:00,52.91572,-0.58631,52,99,12729.36,"Clb=-4.1m/s t=-55.2C 404.201 MHz Type=RS41-SG Radiosonde auto_rx v1.3.0"
2020-05-09 07:16:30,2020-05-09 07:16:35,52.91589,-0.57960,69,100,12608.05,"Clb=-3.9m/s t=-54.5C 404.201 MHz Type=RS41-SG Radiosonde auto_rx v1.3.1"
2020-05-09 07:17:05,2020-05-09 07:17:05,52.91579,-0.57175,80,82,12488.27,"Clb=-4.0m/s t=-53.6C 404.201 MHz Type=RS41-SG Radiosonde auto_rx v1.3.1"
2020-05-09 07:17:30,2020-05-09 07:17:35,52.91617,-0.56335,57,74,12366.04,"Clb=-4.5m/s t=-52.8C 404.201 MHz Type=RS41-SG Radiosonde auto_rx v1.3.1"
2020-05-09 07:18:05,2020-05-09 07:18:05,52.91649,-0.55442,76,94,12249.91,"Clb=-5.0m/s t=-53.8C 404.201 MHz Type=RS41-SG Radiosonde auto_rx v1.3.1"
2020-05-09 07:18:35,2020-05-09 07:18:35,52.91743,-0.54463,89,82,12134.09,"Clb=-4.4m/s t=-54.3C 404.201 MHz Type=RS41-SG Radiosonde auto_rx v1.3.1"
2020-05-09 07:19:05,2020-05-09 07:19:05,52.91873,-0.53538,69,65,12017.04,"Clb=-4.4m/s t=-53.7C 404.201 MHz Type=RS41-SG Radiosonde auto_rx v1.3.1"
2020-05-09 07:19:30,2020-05-09 07:19:35,52.91967,-0.52781,52,93,11903.35,"Clb=-3.9m/s t=-54.0C 404.201 MHz Type=RS41-SG Radiosonde auto_rx v1.3.1"
2020-05-09 07:20:05,2020-05-09 07:20:05,52.92010,-0.52027,74,82,11791.80,"Clb=-3.9m/s t=-54.6C 404.201 MHz Type=RS41-SG Radiosonde auto_rx v1.3.1"
2020-05-09 07:20:30,2020-05-09 07:20:35,52.92071,-0.51295,54,72,11678.11,"Clb=-4.7m/s t=-55.0C 404.201 MHz Type=RS41-SG Radiosonde auto_rx v1.3.1"
2020-05-09 07:21:05,2020-05-09 07:21:05,52.92075,-0.50587,46,92,11563.81,"Clb=-4.0m/s t=-55.1C 404.201 MHz Type=RS41-SG Radiosonde auto_rx v1.3.1"
2020-05-09 07:21:28,2020-05-09 07:21:28,52.92103,-0.49859,50,97,11452.56,"Clb=-3.8m/s t=-56.2C 404.20MHz Type=RS41-SG Details on http://radiosondy.info"
2020-05-09 07:21:35,2020-05-09 07:21:35,52.92100,-0.49834,63,97,11448.29,"Clb=-3.7m/s t=-56.7C 404.201 MHz Type=RS41-SG Radiosonde auto_rx v1.3.1"
2020-05-09 07:22:05,2020-05-09 07:22:05,52.92101,-0.49065,78,103,11335.51,"Clb=-3.6m/s t=-57.6C 404.201 MHz Type=RS41-SG Radiosonde auto_rx v1.3.1"
2020-05-09 07:22:35,2020-05-09 07:22:35,52.92070,-0.48204,80,82,11227.92,"Clb=-3.5m/s t=-58.7C 404.201 MHz Type=RS41-SG Radiosonde auto_rx v1.3.1"
2020-05-09 07:23:05,2020-05-09 07:23:05,52.92066,-0.47382,61,78,11122.15,"Clb=-3.5m/s t=-58.6C 404.201 MHz Type=RS41-SG Radiosonde auto_rx v1.3.1"
2020-05-09 07:23:35,2020-05-09 07:23:35,52.92068,-0.46675,37,92,11024.92,"Clb=-3.4m/s t=-58.4C 404.201 MHz Type=RS41-SG Radiosonde auto_rx v1.3.1"
2020-05-09 07:24:05,2020-05-09 07:24:05,52.92035,-0.46023,56,108,10927.99,"Clb=-3.7m/s t=-57.7C 404.201 MHz Type=RS41-SG Radiosonde auto_rx v1.3.1"
2020-05-09 07:24:30,2020-05-09 07:24:35,52.92009,-0.45295,72,94,10834.73,"Clb=-3.1m/s t=-58.8C 404.201 MHz Type=RS41-SG Radiosonde auto_rx v1.3.1"
2020-05-09 07:24:57,2020-05-09 07:24:57,52.92012,-0.44556,57,83,10750.30,"Clb=-3.0m/s t=-57.8C 404.20MHz Type=RS41-SG Details on http://radiosondy.info"
2020-05-09 07:25:05,2020-05-09 07:25:05,52.92018,-0.44497,70,78,10744.50,"Clb=-3.3m/s t=-58.2C 404.201 MHz Type=RS41-SG Radiosonde auto_rx v1.3.1"
2020-05-09 07:25:29,2020-05-09 07:25:35,52.92053,-0.43731,54,75,10647.88,"Clb=-3.3m/s t=-57.6C 404.201 MHz Type=RS41-SG Radiosonde auto_rx v1.3.1"
2020-05-09 07:26:01,2020-05-09 07:26:01,52.92079,-0.42966,57,88,10541.20,"Clb=-3.5m/s t=-56.5C 404.20MHz Type=RS41-SG Details on http://radiosondy.info"
2020-05-09 07:26:17,2020-05-09 07:26:17,52.92065,-0.42571,63,84,10486.34,"Clb=-3.5m/s t=-56.0C 404.20MHz Type=RS41-SG Details on http://radiosondy.info"
2020-05-09 07:26:33,2020-05-09 07:26:33,52.92101,-0.42217,56,99,10431.48,"Clb=-3.2m/s t=-55.8C 404.20MHz Type=RS41-SG Details on http://radiosondy.info"
2020-05-09 07:26:49,2020-05-09 07:26:49,52.92115,-0.41808,63,79,10378.44,"Clb=-3.6m/s t=-55.3C 404.20MHz Type=RS41-SG Details on http://radiosondy.info"
2020-05-09 07:27:00,2020-05-09 07:27:05,52.92104,-0.41611,57,105,10343.69,"Clb=-3.3m/s t=-55.2C 404.201 MHz Type=RS41-SG Radiosonde auto_rx v1.3.1"
2020-05-09 07:27:30,2020-05-09 07:27:30,52.92097,-0.41289,57,79,10303.15,"Clb=-3.4m/s t=-55.0C 404.201 MHz Type=RS41-SG Radiosonde auto_rx v1.3.0"
2020-05-09 07:27:35,2020-05-09 07:27:35,52.92073,-0.40919,67,101,10241.58,"Clb=-3.6m/s t=-54.4C 404.201 MHz Type=RS41-SG Radiosonde auto_rx v1.3.1"
2020-05-09 07:28:05,2020-05-09 07:28:05,52.92033,-0.40199,65,86,10139.78,"Clb=-3.3m/s t=-53.6C 404.201 MHz Type=RS41-SG Radiosonde auto_rx v1.3.1"
2020-05-09 07:28:35,2020-05-09 07:28:35,52.91996,-0.39500,48,88,10039.81,"Clb=-3.3m/s t=-52.8C 404.201 MHz Type=RS41-SG Radiosonde auto_rx v1.3.1"
2020-05-09 07:29:05,2020-05-09 07:29:05,52.91932,-0.38838,41,98,9943.19,"Clb=-3.1m/s t=-52.1C 404.201 MHz Type=RS41-SG Radiosonde auto_rx v1.3.1"
2020-05-09 07:29:30,2020-05-09 07:29:30,52.91865,-0.38385,59,87,9878.87,"Clb=-3.2m/s t=-51.5C 404.201 MHz Type=RS41-SG Radiosonde auto_rx v1.3.0"
2020-05-09 07:30:05,2020-05-09 07:30:05,52.91813,-0.37534,44,107,9753.60,"Clb=-3.2m/s t=-50.3C 404.201 MHz Type=RS41-SG Radiosonde auto_rx v1.3.1"
2020-05-09 07:30:35,2020-05-09 07:30:35,52.91773,-0.36883,44,107,9661.86,"Clb=-2.9m/s t=-49.6C 404.201 MHz Type=RS41-SG Radiosonde auto_rx v1.3.1"
2020-05-09 07:31:00,2020-05-09 07:31:00,52.91723,-0.36275,50,107,9571.94,"Clb=-3.0m/s t=-48.9C 404.201 MHz Type=RS41-SG Radiosonde auto_rx v1.3.0"
2020-05-09 07:31:05,2020-05-09 07:31:05,52.91719,-0.36254,54,106,9568.89,"Clb=-3.1m/s t=-48.9C 404.201 MHz Type=RS41-SG Radiosonde auto_rx v1.3.1"
2020-05-09 07:31:35,2020-05-09 07:31:35,52.91690,-0.35625,59,97,9477.45,"Clb=-2.9m/s t=-48.2C 404.201 MHz Type=RS41-SG Radiosonde auto_rx v1.3.1"
2020-05-09 07:32:00,2020-05-09 07:32:05,52.91685,-0.35010,59,88,9386.93,"Clb=-2.9m/s t=-47.3C 404.201 MHz Type=RS41-SG Radiosonde auto_rx v1.3.1"
2020-05-09 07:32:30,2020-05-09 07:32:35,52.91704,-0.34392,57,81,9294.88,"Clb=-3.1m/s t=-46.7C 404.201 MHz Type=RS41-SG Radiosonde auto_rx v1.3.1"
2020-05-09 07:33:00,2020-05-09 07:33:00,52.91742,-0.33850,57,78,9208.01,"Clb=-3.0m/s t=-45.9C 404.201 MHz Type=RS41-SG Radiosonde auto_rx v1.3.0"
2020-05-09 07:33:05,2020-05-09 07:33:05,52.91745,-0.33827,56,75,9204.96,"Clb=-3.1m/s t=-45.8C 404.201 MHz Type=RS41-SG Radiosonde auto_rx v1.3.1"
2020-05-09 07:33:30,2020-05-09 07:33:30,52.91765,-0.33729,43,69,9190.33,"Clb=-3.1m/s t=-46.0C 404.201 MHz Type=RS41-SG Radiosonde auto_rx v1.3.0"
2020-05-09 07:34:05,2020-05-09 07:34:05,52.91786,-0.32710,44,76,9030.61,"Clb=-3.0m/s t=-45.0C 404.201 MHz Type=RS41-SG Radiosonde auto_rx v1.3.1"
2020-05-09 07:35:17,2020-05-09 07:35:17,52.91773,-0.31553,46,72,8858.71,"Clb=-3.1m/s t=-43.7C 404.201 MHz Type=RS41-SG Radiosonde auto_rx v1.3.1"
2020-05-09 07:35:39,2020-05-09 07:35:39,52.91789,-0.30972,48,73,8770.92,"Clb=-2.8m/s t=-42.9C 404.202 MHz Type=RS41-SG Radiosonde auto_rx v1.3.1"
2020-05-09 07:36:06,2020-05-09 07:36:06,52.91828,-0.30444,37,69,8683.14,"Clb=-2.9m/s t=-42.2C 404.202 MHz Type=RS41-SG Radiosonde auto_rx v1.3.1"
2020-05-09 07:36:36,2020-05-09 07:36:36,52.91856,-0.29962,31,74,8596.27,"Clb=-2.8m/s t=-41.7C 404.202 MHz Type=RS41-SG Radiosonde auto_rx v1.3.1"
2020-05-09 07:37:35,2020-05-09 07:37:35,52.91872,-0.29010,39,102,8422.84,"Clb=-2.9m/s t=-40.0C 404.202 MHz Type=RS41-SG Radiosonde auto_rx v1.3.1"
2020-05-09 07:38:00,2020-05-09 07:38:05,52.91917,-0.28529,30,97,8333.54,"Clb=-3.1m/s t=-39.2C 404.202 MHz Type=RS41-SG Radiosonde auto_rx v1.3.1"
2020-05-09 07:38:30,2020-05-09 07:38:35,52.91950,-0.28080,28,105,8244.23,"Clb=-3.2m/s t=-38.5C 404.202 MHz Type=RS41-SG Radiosonde auto_rx v1.3.1"
2020-05-09 07:39:00,2020-05-09 07:39:05,52.91976,-0.27671,24,108,8153.10,"Clb=-3.3m/s t=-37.8C 404.202 MHz Type=RS41-SG Radiosonde auto_rx v1.3.1"
2020-05-09 07:39:30,2020-05-09 07:39:35,52.91983,-0.27304,22,109,8060.13,"Clb=-3.1m/s t=-37.1C 404.202 MHz Type=RS41-SG Radiosonde auto_rx v1.3.1"
2020-05-09 07:40:00,2020-05-09 07:40:06,52.91999,-0.26967,28,107,7969.30,"Clb=-3.1m/s t=-36.1C 404.202 MHz Type=RS41-SG Radiosonde auto_rx v1.3.1"
2020-05-09 07:40:30,2020-05-09 07:40:36,52.92017,-0.26634,31,102,7878.17,"Clb=-3.2m/s t=-35.4C 404.202 MHz Type=RS41-SG Radiosonde auto_rx v1.3.1"
2020-05-09 07:41:00,2020-05-09 07:41:05,52.92032,-0.26307,33,98,7787.94,"Clb=-3.0m/s t=-34.7C 404.202 MHz Type=RS41-SG Radiosonde auto_rx v1.3.1"
2020-05-09 07:41:30,2020-05-09 07:41:30,52.92040,-0.26166,31,70,7757.77,"Clb=-3.0m/s t=-34.4C 404.200 MHz Type=RS41-SG Radiosonde auto_rx v1.2.2"
2020-05-09 07:42:00,2020-05-09 07:42:00,52.92085,-0.25701,24,101,7608.11,"Clb=-3.1m/s t=-33.0C 404.200 MHz Type=RS41-SG Radiosonde auto_rx v1.2.2"
2020-05-09 07:42:30,2020-05-09 07:42:30,52.92126,-0.25442,15,96,7534.35,"Clb=-3.0m/s t=-32.4C 404.200 MHz Type=RS41-SG Radiosonde auto_rx v1.2.2"
2020-05-09 07:42:35,2020-05-09 07:42:35,52.92121,-0.25398,28,98,7519.72,"Clb=-2.8m/s t=-32.2C 404.202 MHz Type=RS41-SG Radiosonde auto_rx v1.3.1"
2020-05-09 07:43:00,2020-05-09 07:43:00,52.92125,-0.25319,33,69,7502.65,"Clb=-3.0m/s t=-32.2C 404.200 MHz Type=RS41-SG Radiosonde auto_rx v1.2.2"
2020-05-09 07:43:05,2020-05-09 07:43:05,52.92161,-0.25127,30,95,7432.55,"Clb=-2.8m/s t=-31.5C 404.202 MHz Type=RS41-SG Radiosonde auto_rx v1.3.1"
2020-05-09 07:43:35,2020-05-09 07:43:35,52.92194,-0.24855,30,91,7345.98,"Clb=-3.0m/s t=-30.8C 404.202 MHz Type=RS41-SG Radiosonde auto_rx v1.3.1"
2020-05-09 07:44:05,2020-05-09 07:44:05,52.92222,-0.24596,28,92,7261.86,"Clb=-3.0m/s t=-30.1C 404.202 MHz Type=RS41-SG Radiosonde auto_rx v1.3.1"
2020-05-09 07:44:35,2020-05-09 07:44:35,52.92251,-0.24357,26,86,7178.04,"Clb=-2.8m/s t=-29.5C 404.202 MHz Type=RS41-SG Radiosonde auto_rx v1.3.1"
2020-05-09 07:45:00,2020-05-09 07:45:00,52.92280,-0.24170,22,99,7100.01,"Clb=-2.8m/s t=-28.9C 404.200 MHz Type=RS41-SG Radiosonde auto_rx v1.2.2"
2020-05-09 07:45:05,2020-05-09 07:45:05,52.92279,-0.24149,24,92,7094.22,"Clb=-2.9m/s t=-28.9C 404.202 MHz Type=RS41-SG Radiosonde auto_rx v1.3.1"
2020-05-09 07:45:30,2020-05-09 07:45:30,52.92302,-0.23965,19,105,7014.36,"Clb=-2.8m/s t=-28.5C 404.200 MHz Type=RS41-SG Radiosonde auto_rx v1.2.2"
2020-05-09 07:45:35,2020-05-09 07:45:35,52.92301,-0.23957,20,101,7011.62,"Clb=-2.5m/s t=-28.6C 404.202 MHz Type=RS41-SG Radiosonde auto_rx v1.3.1"
2020-05-09 07:46:00,2020-05-09 07:46:05,52.92324,-0.23738,26,95,6931.46,"Clb=-3.0m/s t=-27.8C 404.202 MHz Type=RS41-SG Radiosonde auto_rx v1.3.1"
2020-05-09 07:46:30,2020-05-09 07:46:30,52.92354,-0.23611,15,47,6893.66,"Clb=-2.7m/s t=-27.6C 404.200 MHz Type=RS41-SG Radiosonde auto_rx v1.2.2"
2020-05-09 07:46:35,2020-05-09 07:46:35,52.92350,-0.23524,24,97,6851.60,"Clb=-2.3m/s t=-27.1C 404.202 MHz Type=RS41-SG Radiosonde auto_rx v1.3.1"
2020-05-09 07:47:05,2020-05-09 07:47:05,52.92385,-0.23310,20,109,6771.74,"Clb=-2.7m/s t=-26.4C 404.202 MHz Type=RS41-SG Radiosonde auto_rx v1.3.1"
2020-05-09 07:47:35,2020-05-09 07:47:35,52.92402,-0.23078,22,111,6693.10,"Clb=-2.4m/s t=-25.9C 404.202 MHz Type=RS41-SG Radiosonde auto_rx v1.3.1"
2020-05-09 07:48:35,2020-05-09 07:48:35,52.92445,-0.22668,4,108,6542.23,"Clb=-2.3m/s t=-25.1C 404.202 MHz Type=RS41-SG Radiosonde auto_rx v1.3.1"
2020-05-09 07:49:00,2020-05-09 07:49:05,52.92431,-0.22511,0,182,6469.68,"Clb=-2.3m/s t=-24.7C 404.202 MHz Type=RS41-SG Radiosonde auto_rx v1.3.1"
2020-05-09 07:49:30,2020-05-09 07:49:30,52.92401,-0.22394,15,66,6415.74,"Clb=-2.1m/s t=-24.2C 404.200 MHz Type=RS41-SG Radiosonde auto_rx v1.2.2"
2020-05-09 07:49:35,2020-05-09 07:49:35,52.92412,-0.22377,2,351,6399.28,"Clb=-2.4m/s t=-24.2C 404.202 MHz Type=RS41-SG Radiosonde auto_rx v1.3.1"
2020-05-09 07:50:00,2020-05-09 07:50:00,52.92395,-0.22273,19,55,6342.58,"Clb=-2.1m/s t=-24.2C 404.200 MHz Type=RS41-SG Radiosonde auto_rx v1.2.2"
2020-05-09 07:50:05,2020-05-09 07:50:05,52.92412,-0.22254,7,8,6328.87,"Clb=-2.3m/s t=-24.2C 404.202 MHz Type=RS41-SG Radiosonde auto_rx v1.3.1"
2020-05-09 07:50:35,2020-05-09 07:50:35,52.92450,-0.22100,13,26,6254.80,"Clb=-2.5m/s t=-23.8C 404.202 MHz Type=RS41-SG Radiosonde auto_rx v1.3.1"
2020-05-09 07:51:05,2020-05-09 07:51:05,52.92483,-0.21957,9,29,6183.78,"Clb=-2.4m/s t=-23.2C 404.202 MHz Type=RS41-SG Radiosonde auto_rx v1.3.1"
2020-05-09 07:52:05,2020-05-09 07:52:05,52.92548,-0.21622,17,27,6037.78,"Clb=-2.5m/s t=-22.4C 404.202 MHz Type=RS41-SG Radiosonde auto_rx v1.3.1"
2020-05-09 07:52:30,2020-05-09 07:52:35,52.92579,-0.21456,26,58,5962.50,"Clb=-2.4m/s t=-21.8C 404.202 MHz Type=RS41-SG Radiosonde auto_rx v1.3.1"
2020-05-09 07:53:00,2020-05-09 07:53:05,52.92657,-0.21254,30,65,5889.04,"Clb=-2.4m/s t=-21.4C 404.202 MHz Type=RS41-SG Radiosonde auto_rx v1.3.1"
2020-05-09 07:53:30,2020-05-09 07:53:30,52.92763,-0.21006,35,55,5816.19,"Clb=-2.1m/s t=-20.9C 404.200 MHz Type=RS41-SG Radiosonde auto_rx v1.2.2"
2020-05-09 07:54:00,2020-05-09 07:54:05,52.92899,-0.20767,33,60,5743.35,"Clb=-2.2m/s t=-20.2C 404.202 MHz Type=RS41-SG Radiosonde auto_rx v1.3.1"
2020-05-09 07:54:30,2020-05-09 07:54:30,52.92904,-0.20755,33,58,5741.21,"Clb=-2.1m/s t=-20.1C 404.200 MHz Type=RS41-SG Radiosonde auto_rx v1.2.2"
2020-05-09 07:54:35,2020-05-09 07:54:35,52.93025,-0.20521,30,66,5670.19,"Clb=-2.4m/s t=-19.5C 404.202 MHz Type=RS41-SG Radiosonde auto_rx v1.3.1"
2020-05-09 07:55:05,2020-05-09 07:55:05,52.93131,-0.20266,31,68,5595.21,"Clb=-2.3m/s t=-18.9C 404.202 MHz Type=RS41-SG Radiosonde auto_rx v1.3.1"
2020-05-09 07:55:35,2020-05-09 07:55:35,52.93222,-0.20020,30,79,5517.49,"Clb=-2.2m/s t=-18.4C 404.202 MHz Type=RS41-SG Radiosonde auto_rx v1.3.1"
2020-05-09 07:56:05,2020-05-09 07:56:05,52.93295,-0.19754,30,81,5439.46,"Clb=-2.3m/s t=-17.6C 404.201 MHz Type=RS41-SG Radiosonde auto_rx v1.3.1"
2020-05-09 07:56:45,2020-05-09 07:56:45,52.93365,-0.19480,26,85,5360.82,"Clb=-2.4m/s t=-16.9C 404.201 MHz Type=RS41-SG Radiosonde auto_rx v1.3.1"
2020-05-09 07:57:05,2020-05-09 07:57:05,52.93443,-0.19226,17,95,5279.75,"Clb=-2.6m/s t=-16.2C 404.202 MHz Type=RS41-SG Radiosonde auto_rx v1.3.1"
2020-05-09 07:57:35,2020-05-09 07:57:35,52.93499,-0.18966,13,87,5200.50,"Clb=-2.8m/s t=-15.5C 404.201 MHz Type=RS41-SG Radiosonde auto_rx v1.3.1"
2020-05-09 07:58:05,2020-05-09 07:58:05,52.93561,-0.18690,15,56,5121.55,"Clb=-2.4m/s t=-15.0C 404.201 MHz Type=RS41-SG Radiosonde auto_rx v1.3.1"
2020-05-09 07:58:35,2020-05-09 07:58:35,52.93629,-0.18415,20,44,5042.61,"Clb=-2.3m/s t=-15.2C 404.201 MHz Type=RS41-SG Radiosonde auto_rx v1.3.1"
2020-05-09 07:59:35,2020-05-09 07:59:35,52.93773,-0.17846,33,54,4890.52,"Clb=-2.5m/s t=-14.0C 404.201 MHz Type=RS41-SG Radiosonde auto_rx v1.3.1"
2020-05-09 08:00:05,2020-05-09 08:00:05,52.93878,-0.17575,31,48,4816.45,"Clb=-2.2m/s t=-13.6C 404.201 MHz Type=RS41-SG Radiosonde auto_rx v1.3.1"
2020-05-09 08:00:35,2020-05-09 08:00:35,52.93992,-0.17359,30,53,4745.13,"Clb=-2.5m/s t=-12.9C 404.201 MHz Type=RS41-SG Radiosonde auto_rx v1.3.1"
2020-05-09 08:01:05,2020-05-09 08:01:05,52.94105,-0.17188,24,69,4673.19,"Clb=-2.2m/s t=-12.4C 404.201 MHz Type=RS41-SG Radiosonde auto_rx v1.3.1"
2020-05-09 08:01:35,2020-05-09 08:01:35,52.94221,-0.17021,11,25,4600.35,"Clb=-2.3m/s t=-12.0C 404.201 MHz Type=RS41-SG Radiosonde auto_rx v1.3.1"
2020-05-09 08:02:15,2020-05-09 08:02:15,52.94274,-0.16867,13,31,4530.55,"Clb=-2.4m/s t=-11.4C 404.201 MHz Type=RS41-SG Radiosonde auto_rx v1.3.1"
2020-05-09 08:02:35,2020-05-09 08:02:35,52.94299,-0.16720,22,65,4458.92,"Clb=-2.3m/s t=-10.7C 404.201 MHz Type=RS41-SG Radiosonde auto_rx v1.3.1"
2020-05-09 08:03:35,2020-05-09 08:03:35,52.94348,-0.16375,20,98,4315.36,"Clb=-2.1m/s t=-9.6C 404.201 MHz Type=RS41-SG Radiosonde auto_rx v1.3.1"
2020-05-09 08:04:05,2020-05-09 08:04:05,52.94371,-0.16188,19,105,4242.82,"Clb=-2.4m/s t=-9.1C 404.201 MHz Type=RS41-SG Radiosonde auto_rx v1.3.1"
2020-05-09 08:04:35,2020-05-09 08:04:35,52.94409,-0.16017,9,106,4170.88,"Clb=-2.6m/s t=-8.4C 404.201 MHz Type=RS41-SG Radiosonde auto_rx v1.3.1"
2020-05-09 08:05:05,2020-05-09 08:05:05,52.94444,-0.15816,7,76,4098.65,"Clb=-2.3m/s t=-8.5C 404.201 MHz Type=RS41-SG Radiosonde auto_rx v1.3.1"
2020-05-09 08:05:35,2020-05-09 08:05:35,52.94470,-0.15601,15,56,4026.71,"Clb=-2.5m/s t=-8.4C 404.201 MHz Type=RS41-SG Radiosonde auto_rx v1.3.1"
2020-05-09 08:06:05,2020-05-09 08:06:05,52.94484,-0.15345,24,59,3956.91,"Clb=-2.0m/s t=-8.0C 404.201 MHz Type=RS41-SG Radiosonde auto_rx v1.3.1"
2020-05-09 08:06:35,2020-05-09 08:06:35,52.94523,-0.15104,26,63,3886.20,"Clb=-2.3m/s t=-7.5C 404.201 MHz Type=RS41-SG Radiosonde auto_rx v1.3.1"
2020-05-09 08:07:05,2020-05-09 08:07:05,52.94584,-0.14901,22,75,3817.01,"Clb=-2.3m/s t=-7.3C 404.201 MHz Type=RS41-SG Radiosonde auto_rx v1.3.1"
2020-05-09 08:07:35,2020-05-09 08:07:35,52.94659,-0.14694,22,73,3749.04,"Clb=-2.2m/s t=-6.8C 404.201 MHz Type=RS41-SG Radiosonde auto_rx v1.3.1"
2020-05-09 08:08:05,2020-05-09 08:08:05,52.94747,-0.14520,15,76,3681.98,"Clb=-2.0m/s t=-6.3C 404.201 MHz Type=RS41-SG Radiosonde auto_rx v1.3.1"
2020-05-09 08:08:45,2020-05-09 08:08:45,52.94837,-0.14348,9,63,3617.98,"Clb=-2.1m/s t=-5.9C 404.201 MHz Type=RS41-SG Radiosonde auto_rx v1.3.1"
2020-05-09 08:09:25,2020-05-09 08:09:25,52.94922,-0.14179,7,40,3555.49,"Clb=-2.1m/s t=-5.8C 404.201 MHz Type=RS41-SG Radiosonde auto_rx v1.3.1"
2020-05-09 08:09:35,2020-05-09 08:09:35,52.95008,-0.13998,19,22,3495.75,"Clb=-2.0m/s t=-5.3C 404.201 MHz Type=RS41-SG Radiosonde auto_rx v1.3.1"
2020-05-09 08:10:05,2020-05-09 08:10:05,52.95095,-0.13852,20,20,3436.01,"Clb=-1.8m/s t=-4.7C 404.201 MHz Type=RS41-SG Radiosonde auto_rx v1.3.1"
2020-05-09 08:10:43,2020-05-09 08:10:43,52.95182,-0.13708,24,35,3378.40,"Clb=-1.7m/s t=-4.3C 404.201 MHz Type=RS41-SG Radiosonde auto_rx v1.3.1"
2020-05-09 08:11:05,2020-05-09 08:11:05,52.95272,-0.13576,24,44,3321.10,"Clb=-1.8m/s t=-4.5C 404.201 MHz Type=RS41-SG Radiosonde auto_rx v1.3.1"
2020-05-09 08:11:35,2020-05-09 08:11:35,52.95363,-0.13488,7,55,3261.97,"Clb=-1.8m/s t=-4.7C 404.201 MHz Type=RS41-SG Radiosonde auto_rx v1.3.1"
2020-05-09 08:12:35,2020-05-09 08:12:35,52.95429,-0.13196,19,83,3140.05,"Clb=-2.1m/s t=-4.1C 404.201 MHz Type=RS41-SG Radiosonde auto_rx v1.3.1"
2020-05-09 08:13:05,2020-05-09 08:13:05,52.95443,-0.13067,19,105,3075.13,"Clb=-2.3m/s t=-3.6C 404.201 MHz Type=RS41-SG Radiosonde auto_rx v1.3.1"
2020-05-09 08:13:35,2020-05-09 08:13:35,52.95454,-0.12918,13,121,3008.07,"Clb=-2.1m/s t=-3.2C 404.201 MHz Type=RS41-SG Radiosonde auto_rx v1.3.1"
2020-05-09 08:14:05,2020-05-09 08:14:05,52.95463,-0.12731,4,85,2939.19,"Clb=-2.1m/s t=-2.7C 404.201 MHz Type=RS41-SG Radiosonde auto_rx v1.3.1"
2020-05-09 08:15:05,2020-05-09 08:15:05,52.95425,-0.12458,7,58,2806.29,"Clb=-2.0m/s t=-1.6C 404.201 MHz Type=RS41-SG Radiosonde auto_rx v1.3.1"
2020-05-09 08:16:05,2020-05-09 08:16:05,52.95365,-0.12280,15,161,2679.19,"Clb=-1.8m/s t=-0.8C 404.201 MHz Type=RS41-SG Radiosonde auto_rx v1.3.1"
2020-05-09 08:16:35,2020-05-09 08:16:35,52.95298,-0.12161,13,165,2615.49,"Clb=-1.8m/s t=-0.3C 404.201 MHz Type=RS41-SG Radiosonde auto_rx v1.3.1"
2020-05-09 08:17:05,2020-05-09 08:17:05,52.95216,-0.12010,6,109,2553.61,"Clb=-1.9m/s t=0.2C 404.201 MHz Type=RS41-SG Radiosonde auto_rx v1.3.1"
2020-05-09 08:17:35,2020-05-09 08:17:35,52.95140,-0.11902,7,109,2491.13,"Clb=-1.9m/s t=0.6C 404.201 MHz Type=RS41-SG Radiosonde auto_rx v1.3.1"
2020-05-09 08:18:05,2020-05-09 08:18:05,52.95055,-0.11819,15,117,2428.95,"Clb=-1.9m/s t=1.0C 404.201 MHz Type=RS41-SG Radiosonde auto_rx v1.3.1"
2020-05-09 08:18:35,2020-05-09 08:18:35,52.95008,-0.11749,17,143,2376.83,"Clb=-1.6m/s t=1.3C 404.201 MHz Type=RS41-SG Radiosonde auto_rx v1.3.1"
2020-05-09 08:19:05,2020-05-09 08:19:05,52.94970,-0.11568,7,48,2308.56,"Clb=-1.8m/s t=1.6C 404.201 MHz Type=RS41-SG Radiosonde auto_rx v1.3.1"
